{"sys_time_budget": [0.016666666666666666, 0.16319139372682948, 1.5978858591903047, 15.645673222659486, 153.1943531400203, 1500.0000000000011], "sys_acc": [[0.80237403100594, 0.8024912024128203, 0.8027024151302942, 0.8030174364188694, 0.8032615745641593, 0.8032615745641593], [0.79866908549685, 0.8017658691442543, 0.8028904407518255, 0.8030174364188694, 0.8031991349785236, 0.8032615745641593], [0.8007618184388533, 0.8020187945009964, 0.8030174364188694, 0.8028094192773091, 0.8031991349785236, 0.8032615745641593], [0.8015051629183975, 0.8027074719433699, 0.8028346587938784, 0.8030126932192898, 0.8031991349785236, 0.8032615745641593], [0.8021300951295255, 0.8014001514937239, 0.8028904407518255, 0.8032615745641593, 0.803105445254532, 0.8032615745641593], [0.8010043206951301, 0.8030918700619384, 0.8027761101237753, 0.8030126932192898, 0.8031062409635534, 0.8032615745641593], [0.7986480682376363, 0.8023389317041437, 0.8025287327973367, 0.8029929946104408, 0.803105445254532, 0.8032615745641593], [0.8024323853287303, 0.8022066847957156, 0.8029189978596899, 0.8027761101237753, 0.8030397253526067, 0.8032615745641593], [0.800451562085602, 0.801905995431718, 0.8028904407518255, 0.802897169227421, 0.8031991349785236, 0.8032615745641593], [0.7983206017595361, 0.8031052337278367, 0.8027761101237753, 0.802995857853176, 0.8031991349785236, 0.8032615745641593], [0.8016269718813485, 0.8027947987222837, 0.8026872914072324, 0.8029167026605589, 0.8031991349785236, 0.8032615745641593], [0.8024538477761584, 0.8022995820845896, 0.8030277793951112, 0.8027163596464343, 0.8030397253526067, 0.8032615745641593], [0.8015836888417411, 0.8027148145059267, 0.802794263601982, 0.802997330264586, 0.8031991349785236, 0.8032615745641593], [0.8010240148509362, 0.802734937036296, 0.8028746759953291, 0.802997330264586, 0.8031991349785236, 0.8032615745641593], [0.8025009935312383, 0.801658955123267, 0.8027024151302942, 0.8030397253526067, 0.8032615745641593, 0.8032615745641593], [0.796229076756957, 0.8019546174625913, 0.8029167026605589, 0.8030397253526067, 0.8031991349785236, 0.8032615745641593], [0.8020296046949346, 0.8024420823548771, 0.8027024151302942, 0.8030126932192898, 0.8032615745641593, 0.8032615745641593], [0.7992971307726318, 0.802501114610252, 0.8027024151302942, 0.8030126932192898, 0.8031991349785236, 0.8032615745641593], [0.8018294097272497, 0.8023300803200564, 0.8027761101237753, 0.8030126932192898, 0.8030397253526067, 0.8032615745641593], [0.8022995820826266, 0.8028929926380569, 0.8027074719433699, 0.8029167026605589, 0.8032615745641593, 0.8032615745641593], [0.8004175861683177, 0.8026369240190978, 0.8032278661585799, 0.8030397253526067, 0.8032615745641593, 0.8032615745641593], [0.8027876091117978, 0.803023236440658, 0.8027163596464343, 0.8030174364188694, 0.8030883267038674, 0.8032615745641593], [0.80271215973506, 0.8019793690667031, 0.8032278661585799, 0.8029328312509615, 0.8030397253526067, 0.8032615745641593], [0.8019212786382768, 0.8027874702543172, 0.8027024151302942, 0.802997330264586, 0.8031991349785236, 0.8032615745641593], [0.8020043385229061, 0.8018983667277421, 0.8027761101237753, 0.8029328312509615, 0.8032615745641593, 0.8032615745641593], [0.8016684668356239, 0.802447749340371, 0.8030631193319782, 0.8028094192773091, 0.8031991349785236, 0.8032615745641593], [0.8008748070306867, 0.8030095054089547, 0.8027024151302942, 0.8025696501133233, 0.8032615745641593, 0.8032615745641593], [0.8004175861683177, 0.8023665582183394, 0.8027761101237753, 0.8032615745641593, 0.8032615745641593, 0.8032615745641593], [0.7964643392855779, 0.8025509567710803, 0.802997330264586, 0.802897169227421, 0.8030397253526067, 0.8032615745641593], [0.8025535133665371, 0.8023521826493566, 0.8031013512502115, 0.803009797844441, 0.8032615745641593, 0.8032615745641593], [0.7958112374949623, 0.8019721048946431, 0.8028094192773091, 0.8031062409635534, 0.8032615745641593, 0.8032615745641593], [0.7997528366424141, 0.803009797844441, 0.8030006773540681, 0.8030397253526067, 0.8032615745641593, 0.8032615745641593], [0.800875544017012, 0.8030262999390528, 0.8027024151302942, 0.803009797844441, 0.8031991349785236, 0.8032615745641593], [0.8023699688468067, 0.8025457807149288, 0.8028904407518255, 0.8027781236446399, 0.803067534892734, 0.8032615745641593], [0.7963263147075573, 0.8030126932192898, 0.8030277793951112, 0.8028094192773091, 0.8032615745641593, 0.8032615745641593], [0.8018501169414444, 0.8017001606089853, 0.8027761101237753, 0.8026961665852093, 0.8031991349785236, 0.8032615745641593], [0.8015291044608147, 0.8019108915118581, 0.8029328312509615, 0.8030738203104762, 0.8031232907610111, 0.8032615745641593], [0.8025431925261064, 0.8027761101237753, 0.8032278661585799, 0.8030126932192898, 0.8032615745641593, 0.8032615745641593], [0.8027397344961197, 0.8027163596464343, 0.8028904407518255, 0.802897169227421, 0.8032615745641593, 0.8032615745641593], [0.8023491356033279, 0.8024567344015434, 0.8027024151302942, 0.8029535515074013, 0.8032615745641593, 0.8032615745641593], [0.802569219493649, 0.8020369842985365, 0.8032278661585799, 0.8029535515074013, 0.8031991349785236, 0.8032615745641593], [0.8023670331903755, 0.8030647179088126, 0.8030277793951112, 0.8030738203104762, 0.8031991349785236, 0.8032615745641593], [0.7964995449793715, 0.802447749340371, 0.8027024151302942, 0.803009797844441, 0.8031991349785236, 0.8032615745641593], [0.8011672966489369, 0.8019143466337089, 0.8027024151302942, 0.8029932677832025, 0.8032615745641593, 0.8032615745641593], [0.8007626630631836, 0.8030340442807841, 0.8027024151302942, 0.8028094192773091, 0.8031232907610111, 0.8032615745641593], [0.8004815578000041, 0.8028972700332082, 0.8028904407518255, 0.8028094192773091, 0.8031991349785236, 0.8032615745641593], [0.8017633156475162, 0.8020901082425346, 0.8032278661585799, 0.8028094192773091, 0.8031991349785236, 0.8032615745641593], [0.8012602057804643, 0.802870834880177, 0.8027024151302942, 0.8027761101237753, 0.803067534892734, 0.8032615745641593], [0.8016530453722631, 0.8026889692190409, 0.8028346587938784, 0.803067534892734, 0.8031991349785236, 0.8032615745641593], [0.7963075554467863, 0.8028904407518255, 0.803009797844441, 0.8030174364188694, 0.8032615745641593, 0.8032615745641593]]}