{"sys_time_budget": [0.016666666666666666, 0.07601322660950935, 0.34668063717531733, 1.5811388300841895, 7.21124785153704, 32.88901302457334, 149.99999999999997], "sys_acc": [[0.9791699522933742, 0.9796092376948738, 0.9793677558680932, 0.9791198917436296, 0.9808489735757652, 0.9814130102767649, 0.9814130102767649], [0.9789696753352098, 0.9793486422264692, 0.9805003354773002, 0.9794490957380548, 0.9806147263122675, 0.9814130102767649, 0.9814130102767649], [0.9792706666062057, 0.9799580544204005, 0.9800757563623012, 0.9793841023854097, 0.9802477277646887, 0.9814130102767649, 0.9814130102767649], [0.979317609212519, 0.9799255629157868, 0.9792992877954696, 0.9808153577633828, 0.9807419022420424, 0.9814130102767649, 0.9814130102767649], [0.9804539303988443, 0.9789070949433738, 0.9798779621389303, 0.980939578791173, 0.9789696753352098, 0.980939578791173, 0.9814130102767649], [0.9794171008886834, 0.9814130102767649, 0.9805410493066111, 0.9787777271744953, 0.9797653478803391, 0.980939578791173, 0.9811637742059355], [0.979623499425233, 0.9805410493066111, 0.9799305781471049, 0.9802477277646887, 0.9807465102601615, 0.9814130102767649, 0.9814130102767649], [0.9793424440022424, 0.9796885305801462, 0.9806274831774353, 0.9800730107265379, 0.9802515478882387, 0.9814130102767649, 0.9811637742059355], [0.9801189644237285, 0.9795540413942015, 0.9789533712139924, 0.9790375432386562, 0.9808153577633828, 0.9808489735757652, 0.9814130102767649], [0.9791782006773221, 0.9794153232253341, 0.9798779621389303, 0.9788677575907353, 0.9787063469797949, 0.9814130102767649, 0.9814130102767649], [0.9788240902149107, 0.9795540413942015, 0.9793145746583469, 0.9789678212944186, 0.9808153577633828, 0.9814130102767649, 0.9814130102767649], [0.9782501557837072, 0.9787777271744953, 0.9786081225414001, 0.9807465102601615, 0.9789837011309276, 0.980939578791173, 0.9814130102767649], [0.9797455934850626, 0.9790051093359472, 0.9808489735757652, 0.980611580646762, 0.9797179831502205, 0.9814130102767649, 0.9814130102767649], [0.979304900865078, 0.9795540413942015, 0.9795540413942015, 0.9788677575907353, 0.9798704218863546, 0.9808489735757652, 0.9814130102767649], [0.978664550733694, 0.9786089061143866, 0.9796806988665084, 0.9796078149161596, 0.9798971686142238, 0.9814130102767649, 0.9814130102767649], [0.9788903335145703, 0.9796092376948738, 0.9789192144143559, 0.9797179831502205, 0.9807419022420424, 0.9814130102767649, 0.9814130102767649], [0.9796305729762268, 0.9796723766242341, 0.9789837011309276, 0.9796885305801462, 0.9800730107265379, 0.9807419022420424, 0.9814130102767649], [0.979522763429472, 0.9796885305801462, 0.9808108074358463, 0.9789837011309276, 0.9802477277646887, 0.980939578791173, 0.9814130102767649], [0.9789696753352098, 0.9792112599998792, 0.9790366168027189, 0.980939578791173, 0.9807419022420424, 0.980939578791173, 0.9814130102767649], [0.9796201399094551, 0.9798779621389303, 0.9794490957380548, 0.9796885305801462, 0.9808153577633828, 0.9804293414325982, 0.9814130102767649], [0.9807356671279099, 0.9794153232253341, 0.9803896480577045, 0.9794490957380548, 0.9808489735757652, 0.9814130102767649, 0.9811637742059355], [0.9782906250859263, 0.9792112599998792, 0.9787063469797949, 0.980271230733008, 0.9805813187201322, 0.9808489735757652, 0.9814130102767649], [0.9795511225928155, 0.979829679724993, 0.9799271776771896, 0.9789021815929754, 0.9805813187201322, 0.980939578791173, 0.9814130102767649], [0.9811637742059355, 0.9790696651333826, 0.9798968165908297, 0.9800730107265379, 0.9802515478882387, 0.9814130102767649, 0.9814130102767649], [0.9796995249389208, 0.9787554768391309, 0.9800213159743305, 0.9807419022420424, 0.9807419022420424, 0.980939578791173, 0.9814130102767649], [0.9794925459574276, 0.9799148763155345, 0.9808153577633828, 0.9798704218863546, 0.9806147263122675, 0.980939578791173, 0.9814130102767649], [0.9788148417519994, 0.9806147263122675, 0.9789192144143559, 0.9796885305801462, 0.9802477277646887, 0.9808153577633828, 0.9814130102767649], [0.9807657915745109, 0.9794928423427491, 0.9800730107265379, 0.9807419022420424, 0.9808489735757652, 0.980939578791173, 0.9814130102767649], [0.979877681934449, 0.9807657915745109, 0.9793841023854097, 0.9794490957380548, 0.978766846812595, 0.9814130102767649, 0.9814130102767649], [0.9800707760180263, 0.9787777271744953, 0.9797281989925722, 0.9798979241940226, 0.9808489735757652, 0.980939578791173, 0.9814130102767649], [0.9796078149161596, 0.9799580544204005, 0.9806090130481488, 0.9789837011309276, 0.9802515478882387, 0.9814130102767649, 0.9814130102767649], [0.9805225785303557, 0.9795054240709214, 0.9805003354773002, 0.9792132566547919, 0.9798704218863546, 0.9814130102767649, 0.9814130102767649], [0.9791637249996082, 0.9800239800024476, 0.9795540413942015, 0.9796885305801462, 0.9808489735757652, 0.9808153577633828, 0.9814130102767649], [0.9790321991965291, 0.9805554781549316, 0.9804057218790385, 0.9794490957380548, 0.9814130102767649, 0.9814130102767649, 0.9814130102767649], [0.9805813187201322, 0.9803420417455275, 0.9787777271744953, 0.9808038998607602, 0.9807419022420424, 0.9814130102767649, 0.9814130102767649], [0.9796566683034604, 0.9787777271744953, 0.9796771101089492, 0.9808489735757652, 0.9808153577633828, 0.9814130102767649, 0.9811637742059355], [0.9795915658937954, 0.9792606948743728, 0.9805050537177238, 0.9800730107265379, 0.9814130102767649, 0.9808153577633828, 0.9814130102767649], [0.9786252121668012, 0.9797518696522612, 0.9795540413942015, 0.9796885305801462, 0.9805003354773002, 0.9807657915745109, 0.9814130102767649], [0.9793279935195235, 0.9798458407465561, 0.9788450458640463, 0.9802515478882387, 0.9808489735757652, 0.980939578791173, 0.9814130102767649], [0.9797822787157613, 0.9796078149161596, 0.9793278401498691, 0.9800730107265379, 0.9808153577633828, 0.9808489735757652, 0.9814130102767649], [0.9798251607036544, 0.9791564442614176, 0.9800891422561006, 0.9798826335999186, 0.9802515478882387, 0.9814130102767649, 0.9814130102767649], [0.9798086080561957, 0.9795540413942015, 0.9800119420708356, 0.9792139561777105, 0.9808153577633828, 0.9814130102767649, 0.9814130102767649], [0.9793325216593095, 0.9796092376948738, 0.9792132566547919, 0.978672133860807, 0.9805813187201322, 0.9814130102767649, 0.9814130102767649], [0.9794249110613248, 0.9803420417455275, 0.979985236180456, 0.9808489735757652, 0.9807419022420424, 0.980939578791173, 0.9814130102767649], [0.979610997736699, 0.9797455934850626, 0.9798826335999186, 0.9795732069935028, 0.9808153577633828, 0.980939578791173, 0.9814130102767649], [0.9795732069935028, 0.9796447767235313, 0.9789944381912689, 0.9793841023854097, 0.9808489735757652, 0.980939578791173, 0.9814130102767649], [0.9800318520740892, 0.9792224401801891, 0.9785411184423362, 0.9796885305801462, 0.9808153577633828, 0.980939578791173, 0.9814130102767649], [0.9797958466856947, 0.9793427155461218, 0.9793427155461218, 0.9801017197725239, 0.9808489735757652, 0.9814130102767649, 0.9814130102767649], [0.9789090654389724, 0.978644148729255, 0.9785501896727162, 0.9791198917436296, 0.9802583652676836, 0.9808489735757652, 0.9811637742059355], [0.9794106316389621, 0.979206496255756, 0.9793677558680932, 0.9802477277646887, 0.9807657915745109, 0.980939578791173, 0.9814130102767649]]}