{"sys_time_budget": [0.016666666666666666, 0.04471376595090228, 0.11995925193072413, 0.32182979486854335, 0.8634133274267363, 2.316387686486932, 6.214465011907721, 16.672328043150777, 44.72895443868651, 120.00000000000001], "sys_acc": [[0.6471050629181966, 0.6559038170153267, 0.6610849994865589, 0.6717315812198316, 0.6700020728919526, 0.6730820037891773, 0.6717315812198316, 0.6747755324313861, 0.6747755324313861, 0.6747755324313861], [0.6419277934619213, 0.6411344883722131, 0.6665408815075317, 0.6700020728919526, 0.6717315812198316, 0.6730820037891773, 0.6747755324313861, 0.6747755324313861, 0.6747755324313861, 0.6747755324313861], [0.6461315393831375, 0.6613656751486494, 0.6610746402626679, 0.6717315812198316, 0.6730820037891773, 0.6730820037891773, 0.6730820037891773, 0.6747755324313861, 0.6747755324313861, 0.6747755324313861], [0.6264824541213505, 0.6617235876118808, 0.6680045130878828, 0.6707576921684405, 0.6730820037891773, 0.6707576921684405, 0.6730820037891773, 0.6747755324313861, 0.6747755324313861, 0.6747755324313861], [0.6617235876118808, 0.6520639452141855, 0.6633136488655116, 0.6700020728919526, 0.6717315812198316, 0.6730820037891773, 0.6747755324313861, 0.6747755324313861, 0.6747755324313861, 0.6747755324313861], [0.6556223740135797, 0.6610746402626679, 0.6685625101236471, 0.6730820037891773, 0.6730820037891773, 0.6730820037891773, 0.6747755324313861, 0.6747755324313861, 0.6747755324313861, 0.6747755324313861], [0.6378557551238877, 0.6619026474002642, 0.6641858023416065, 0.6665408815075317, 0.6730820037891773, 0.6730820037891773, 0.6747755324313861, 0.6747755324313861, 0.6747755324313861, 0.6747755324313861], [0.6456465933344615, 0.6617596915219305, 0.6673433793417004, 0.6632768895077784, 0.6717315812198316, 0.6717315812198316, 0.6747755324313861, 0.6747755324313861, 0.6747755324313861, 0.6747755324313861], [0.6467700075144465, 0.6585922656986389, 0.6700020728919526, 0.6673433793417004, 0.665746456733626, 0.6717315812198316, 0.6747755324313861, 0.6747755324313861, 0.6747755324313861, 0.6747755324313861], [0.6276501402265561, 0.6541452467956592, 0.6685625101236471, 0.6700020728919526, 0.6717315812198316, 0.6730820037891773, 0.6747755324313861, 0.6747755324313861, 0.6747755324313861, 0.6747755324313861], [0.6365279925038732, 0.6564899476064042, 0.6575951146936158, 0.6700020728919526, 0.6685625101236471, 0.6715287263706936, 0.6717315812198316, 0.6747755324313861, 0.6747755324313861, 0.6747755324313861], [0.6499728226922077, 0.64863091781008, 0.6673433793417004, 0.6685625101236471, 0.6730820037891773, 0.6730820037891773, 0.6717315812198316, 0.6747755324313861, 0.6747755324313861, 0.6747755324313861], [0.660170797510738, 0.6666206511216207, 0.6673433793417004, 0.6633136488655116, 0.6700020728919526, 0.6691349507223116, 0.6747755324313861, 0.6747755324313861, 0.6747755324313861, 0.6747755324313861], [0.6436638166131373, 0.6471045173611463, 0.6610849994865589, 0.6650979430735436, 0.6717315812198316, 0.6730820037891773, 0.6730820037891773, 0.6747755324313861, 0.6747755324313861, 0.6747755324313861], [0.6532546423156392, 0.6632768895077784, 0.665746456733626, 0.6685625101236471, 0.6730820037891773, 0.6730820037891773, 0.6747755324313861, 0.6747755324313861, 0.6747755324313861, 0.6747755324313861], [0.6670680513316963, 0.6656836347131334, 0.6717315812198316, 0.6717315812198316, 0.6730820037891773, 0.6717315812198316, 0.6747755324313861, 0.6747755324313861, 0.6747755324313861, 0.6747755324313861], [0.654163490642108, 0.6546426866017292, 0.6619392189608748, 0.6652995834029322, 0.6730820037891773, 0.6717315812198316, 0.6747755324313861, 0.6747755324313861, 0.6747755324313861, 0.6747755324313861], [0.6445816695184565, 0.6609715052412013, 0.6700020728919526, 0.6654040424144818, 0.6717315812198316, 0.6707576921684405, 0.6730820037891773, 0.6747755324313861, 0.6747755324313861, 0.6747755324313861], [0.640313197788652, 0.6637269072004844, 0.6730820037891773, 0.6700020728919526, 0.6717315812198316, 0.6730820037891773, 0.6747755324313861, 0.6747755324313861, 0.6747755324313861, 0.6747755324313861], [0.6521575255474928, 0.6582353693217923, 0.6632768895077784, 0.6707576921684405, 0.6730820037891773, 0.6730820037891773, 0.6747755324313861, 0.6747755324313861, 0.6747755324313861, 0.6747755324313861], [0.6542862954533568, 0.6490900240985241, 0.6665408815075317, 0.6717315812198316, 0.6668617115192947, 0.6715287263706936, 0.6747755324313861, 0.6747755324313861, 0.6747755324313861, 0.6747755324313861], [0.6521227240849562, 0.6685625101236471, 0.6717315812198316, 0.6673433793417004, 0.6717315812198316, 0.6730820037891773, 0.6747755324313861, 0.6747755324313861, 0.6747755324313861, 0.6747755324313861], [0.6533993923161492, 0.6549590417813386, 0.6717315812198316, 0.6615524013751926, 0.6707576921684405, 0.6717315812198316, 0.6747755324313861, 0.6747755324313861, 0.6747755324313861, 0.6747755324313861], [0.6504668789767816, 0.6619392189608748, 0.6593280101248165, 0.665746456733626, 0.6730820037891773, 0.6730820037891773, 0.6747755324313861, 0.6747755324313861, 0.6747755324313861, 0.6747755324313861], [0.6541053928409054, 0.6458462038122978, 0.6672700381700892, 0.6673433793417004, 0.6717315812198316, 0.6717315812198316, 0.6730820037891773, 0.6747755324313861, 0.6747755324313861, 0.6747755324313861], [0.6507093708911288, 0.6691768582478921, 0.665746456733626, 0.6717315812198316, 0.6707576921684405, 0.6730820037891773, 0.6747755324313861, 0.6747755324313861, 0.6747755324313861, 0.6747755324313861]]}