{"sys_time_budget": [0.016666666666666666, 0.031752236264185954, 0.06049227046660112, 0.11524589184075341, 0.21955888717226532, 0.4182891395637308, 0.7968969351702381, 1.5181955858238647, 2.8923662961794125, 5.510345879931426, 10.497948256617976, 19.999999999999993], "sys_acc": [[0.6320991378371332, 0.6413792067638648, 0.6468499990334351, 0.6624922383446661, 0.6514365196337357, 0.6542862954533568, 0.6633136488655116, 0.6617302467292423, 0.665746456733626, 0.6717315812198316, 0.6730820037891773, 0.6730820037891773], [0.6382536403883472, 0.6398442743926643, 0.6562015736775236, 0.638490373829851, 0.6264742188713236, 0.6717315812198316, 0.6617302467292423, 0.6542862954533568, 0.665746456733626, 0.6717315812198316, 0.6730820037891773, 0.6717315812198316], [0.6633136488655116, 0.6438313397345754, 0.6322819588246714, 0.6442905030857651, 0.6509799969070399, 0.657982369478229, 0.6717315812198316, 0.660170797510738, 0.6717315812198316, 0.6717315812198316, 0.6730820037891773, 0.6730820037891773], [0.6613035744995412, 0.6208808741586372, 0.6509799969070399, 0.6491038360079706, 0.6338712219312443, 0.6538069202016215, 0.6610849994865589, 0.6617302467292423, 0.6700020728919526, 0.6717315812198316, 0.6700020728919526, 0.6730820037891773], [0.6418470052582866, 0.6528935466767604, 0.6503846633085809, 0.6558226392799411, 0.6518026089954916, 0.6717315812198316, 0.6518136291933785, 0.6617302467292423, 0.6633136488655116, 0.6730820037891773, 0.6730820037891773, 0.6730820037891773], [0.6162713981704161, 0.6178991370742926, 0.6425960117188313, 0.6442905030857651, 0.6344972802184452, 0.6617302467292423, 0.6610746402626679, 0.6685625101236471, 0.6717315812198316, 0.6730820037891773, 0.6700020728919526, 0.6717315812198316], [0.6349076005048712, 0.6211641536421306, 0.63687200293183, 0.644773329791856, 0.6513882696719904, 0.6538069202016215, 0.660170797510738, 0.6633136488655116, 0.665746456733626, 0.6730820037891773, 0.6730820037891773, 0.6730820037891773], [0.6585922656986389, 0.6357210621542129, 0.6657651423133607, 0.6541452467956592, 0.6530065271117476, 0.6442905030857651, 0.6617302467292423, 0.6633136488655116, 0.6717315812198316, 0.6730820037891773, 0.6730820037891773, 0.6730820037891773], [0.6461611949036252, 0.6471045173611463, 0.6333350038980031, 0.605897986783491, 0.6542153144483389, 0.6556274717981317, 0.657982369478229, 0.6617302467292423, 0.6717315812198316, 0.6730820037891773, 0.6717315812198316, 0.6730820037891773], [0.6346506387507151, 0.6380692443262537, 0.6569662836244065, 0.6509799969070399, 0.6717315812198316, 0.6538069202016215, 0.6685625101236471, 0.6615524013751926, 0.6617302467292423, 0.6717315812198316, 0.6730820037891773, 0.6730820037891773], [0.6269845889875405, 0.6489313568083656, 0.6593280101248165, 0.6125420020950471, 0.6538069202016215, 0.6507093708911288, 0.6585524666962556, 0.665746456733626, 0.6617302467292423, 0.6717315812198316, 0.6730820037891773, 0.6730820037891773], [0.6298494531682138, 0.6367115662230934, 0.6650979430735436, 0.6264742188713236, 0.6542862954533568, 0.655514688234371, 0.6685625101236471, 0.6685625101236471, 0.665746456733626, 0.6700020728919526, 0.6717315812198316, 0.6730820037891773], [0.6541987376970624, 0.641049203436683, 0.645747816191625, 0.6491198102061259, 0.6498350670058903, 0.6541452467956592, 0.660170797510738, 0.657982369478229, 0.6685625101236471, 0.6617302467292423, 0.6730820037891773, 0.6717315812198316], [0.6529263723219839, 0.6482107556779387, 0.6331499060990186, 0.6125420020950471, 0.6528211340777426, 0.6603916892623958, 0.6633136488655116, 0.6615524013751926, 0.6717315812198316, 0.6730820037891773, 0.6730820037891773, 0.6730820037891773], [0.6504731115836316, 0.6588766153529947, 0.6514365196337357, 0.6610746402626679, 0.6267462431741043, 0.6617302467292423, 0.6541452467956592, 0.6541452467956592, 0.6717315812198316, 0.6717315812198316, 0.6730820037891773, 0.6730820037891773], [0.6436569789931782, 0.6186428205937784, 0.6257350522985559, 0.64863091781008, 0.660170797510738, 0.6633136488655116, 0.6617302467292423, 0.6610746402626679, 0.6730820037891773, 0.6730820037891773, 0.6730820037891773, 0.6730820037891773], [0.6555961451009304, 0.6336947534818563, 0.6429049697690485, 0.6453518400100937, 0.6395679793109972, 0.6528555246891017, 0.657982369478229, 0.6633136488655116, 0.6717315812198316, 0.6730820037891773, 0.6717315812198316, 0.6730820037891773], [0.646924248902801, 0.6520547046293117, 0.5976735137147484, 0.6498350670058903, 0.6418470052582866, 0.6411344883722131, 0.6717315812198316, 0.6717315812198316, 0.6685625101236471, 0.6685625101236471, 0.6730820037891773, 0.6730820037891773], [0.633061852906783, 0.6595784603554002, 0.6502951245253349, 0.6517114402301803, 0.6415491868759492, 0.6700020728919526, 0.6617302467292423, 0.6504287681237959, 0.6633136488655116, 0.6633136488655116, 0.6717315812198316, 0.6730820037891773], [0.6580885566208207, 0.6653441119860984, 0.6432376247662, 0.6543239306636492, 0.6289355289166162, 0.6569662836244065, 0.6632768895077784, 0.657982369478229, 0.6685625101236471, 0.6632768895077784, 0.6730820037891773, 0.6730820037891773], [0.6327236585291819, 0.6480588689058527, 0.6433909281450654, 0.6499434643154941, 0.6615524013751926, 0.6541452467956592, 0.6509799969070399, 0.665746456733626, 0.665746456733626, 0.6700020728919526, 0.6717315812198316, 0.6730820037891773], [0.6437376129420028, 0.6231798230854603, 0.6346725644595836, 0.6576425287486142, 0.6502499406069576, 0.6541452467956592, 0.6548664992468428, 0.6617302467292423, 0.6717315812198316, 0.6730820037891773, 0.6717315812198316, 0.6730820037891773], [0.6628848466447236, 0.6131897629155383, 0.64863091781008, 0.6290500336454966, 0.6536458313183228, 0.6615524013751926, 0.6685625101236471, 0.6610746402626679, 0.6717315812198316, 0.6717315812198316, 0.6730820037891773, 0.6730820037891773], [0.6458995188816599, 0.6415205161928104, 0.6159309616077223, 0.6528555246891017, 0.6615524013751926, 0.6685625101236471, 0.657982369478229, 0.6717315812198316, 0.6717315812198316, 0.6730820037891773, 0.6730820037891773, 0.6730820037891773], [0.6405319866928162, 0.6541452467956592, 0.6700020728919526, 0.6249100005600362, 0.6494562319352132, 0.660170797510738, 0.6633136488655116, 0.6633136488655116, 0.6717315812198316, 0.6717315812198316, 0.6730820037891773, 0.6730820037891773], [0.6628075421045786, 0.6498345379820898, 0.6589124801163508, 0.6382509740277993, 0.6376380082524749, 0.660170797510738, 0.6633136488655116, 0.665746456733626, 0.6717315812198316, 0.6717315812198316, 0.6700020728919526, 0.6730820037891773], [0.6516783869317889, 0.6265156853718549, 0.6233734464212839, 0.6573887801008574, 0.657982369478229, 0.6632768895077784, 0.6700020728919526, 0.665746456733626, 0.665746456733626, 0.6730820037891773, 0.6730820037891773, 0.6730820037891773], [0.6425028848684613, 0.6518136291933785, 0.65857362297626, 0.6473621478325046, 0.6541452467956592, 0.6633136488655116, 0.6442905030857651, 0.660170797510738, 0.6717315812198316, 0.6730820037891773, 0.6730820037891773, 0.6730820037891773], [0.6398596535334931, 0.6425960117188313, 0.633061852906783, 0.6256985311921969, 0.6617302467292423, 0.6730820037891773, 0.665746456733626, 0.665746456733626, 0.6730820037891773, 0.6700020728919526, 0.6717315812198316, 0.6730820037891773], [0.657982369478229, 0.6561321876518712, 0.6410160650220019, 0.6525943419644158, 0.6344972802184452, 0.6610849994865589, 0.660170797510738, 0.660170797510738, 0.6717315812198316, 0.6717315812198316, 0.6700020728919526, 0.6730820037891773], [0.6358295336816784, 0.6430790749321501, 0.6494562319352132, 0.6541452467956592, 0.6528211340777426, 0.6610849994865589, 0.6633136488655116, 0.657982369478229, 0.6685625101236471, 0.6617302467292423, 0.6730820037891773, 0.6730820037891773], [0.6329964305342716, 0.6462604192951507, 0.5976735137147484, 0.6266807527107984, 0.6730820037891773, 0.6633136488655116, 0.6542862954533568, 0.665746456733626, 0.6685625101236471, 0.6730820037891773, 0.6717315812198316, 0.6730820037891773], [0.6384063189692548, 