{"sys_time_budget": [0.016666666666666666, 0.031752236264185954, 0.06049227046660112, 0.11524589184075341, 0.21955888717226532, 0.4182891395637308, 0.7968969351702381, 1.5181955858238647, 2.8923662961794125, 5.510345879931426, 10.497948256617976, 19.999999999999993], "sys_acc": [[0.6458882684921539, 0.6153415879825151, 0.6589232695034889, 0.6562490293685284, 0.6474143365355858, 0.6411344883722131, 0.6266807527107984, 0.6266807527107984, 0.605897986783491, 0.6266807527107984, 0.6266807527107984, 0.6266807527107984], [0.633171878900829, 0.641058253741962, 0.6363818519149833, 0.5976735137147484, 0.6453518400100937, 0.605897986783491, 0.6266807527107984, 0.6256985311921969, 0.6266807527107984, 0.6266807527107984, 0.6266807527107984, 0.6266807527107984], [0.6370020371061914, 0.6409661821237111, 0.6295775059355138, 0.5976735137147484, 0.6398596535334931, 0.6266807527107984, 0.6266807527107984, 0.6266807527107984, 0.605897986783491, 0.605897986783491, 0.605897986783491, 0.6266807527107984], [0.6573007099780723, 0.6289355289166162, 0.6178272435715892, 0.6382509740277993, 0.646924248902801, 0.6541452467956592, 0.5976735137147484, 0.5976735137147484, 0.6266807527107984, 0.605897986783491, 0.6266807527107984, 0.6266807527107984], [0.6228491089894953, 0.6462604192951507, 0.6548036490818047, 0.6451185631134025, 0.605897986783491, 0.640415930039229, 0.660170797510738, 0.605897986783491, 0.6266807527107984, 0.6266807527107984, 0.6266807527107984, 0.6266807527107984], [0.6536458313183228, 0.6338712219312443, 0.6310226757562165, 0.6528895757645262, 0.6506738605974262, 0.6538069202016215, 0.6256985311921969, 0.6266807527107984, 0.6266807527107984, 0.605897986783491, 0.605897986783491, 0.6266807527107984], [0.6523112227846852, 0.6436148797505863, 0.6474143365355858, 0.6256985311921969, 0.6371390511195808, 0.6256985311921969, 0.6125420020950471, 0.6266807527107984, 0.6266807527107984, 0.6266807527107984, 0.6266807527107984, 0.6266807527107984], [0.6495034388190709, 0.6527779397805293, 0.6425960117188313, 0.6331499060990186, 0.6418470052582866, 0.605897986783491, 0.5976735137147484, 0.6266807527107984, 0.5976735137147484, 0.605897986783491, 0.6266807527107984, 0.605897986783491], [0.631922193994808, 0.6347263775634561, 0.6459586997025076, 0.6610746402626679, 0.657982369478229, 0.6256985311921969, 0.6411344883722131, 0.605897986783491, 0.6266807527107984, 0.6266807527107984, 0.6266807527107984, 0.6266807527107984], [0.6351171249407365, 0.6575692604263202, 0.6415878802322895, 0.5976735137147484, 0.6331499060990186, 0.6331499060990186, 0.6266807527107984, 0.6376380082524749, 0.6266807527107984, 0.6266807527107984, 0.605897986783491, 0.605897986783491], [0.6040922430223826, 0.6520180836403422, 0.6376380082524749, 0.6509799969070399, 0.6185287931340672, 0.6509799969070399, 0.605897986783491, 0.605897986783491, 0.605897986783491, 0.6266807527107984, 0.6266807527107984, 0.6266807527107984], [0.6451336285552735, 0.6471063232178377, 0.6434543760715488, 0.6411344883722131, 0.6331499060990186, 0.6332572326503734, 0.6418470052582866, 0.6266807527107984, 0.6266807527107984, 0.6266807527107984, 0.605897986783491, 0.6266807527107984], [0.6422053733262885, 0.635894243081754, 0.6498350670058903, 0.6541452467956592, 0.6453518400100937, 0.6125420020950471, 0.6266807527107984, 0.6256985311921969, 0.6266807527107984, 0.6266807527107984, 0.6266807527107984, 0.6266807527107984], [0.6368244403693246, 0.650642283634649, 0.6071437334138213, 0.6338712219312443, 0.6329073145513099, 0.6474143365355858, 0.6266807527107984, 0.6376380082524749, 0.6266807527107984, 0.6266807527107984, 0.6266807527107984, 0.6266807527107984], [0.6476445368224355, 0.6497336101452972, 0.6556223740135797, 0.6411344883722131, 0.6610849994865589, 0.6256985311921969, 0.5976735137147484, 0.6266807527107984, 0.6266807527107984, 0.5976735137147484, 0.6266807527107984, 0.6266807527107984], [0.6509629762073695, 0.631777441836263, 0.6501363336575984, 0.6615524013751926, 0.6421891093926754, 0.6256985311921969, 0.5976735137147484, 0.605897986783491, 0.5976735137147484, 0.6266807527107984, 0.6266807527107984, 0.6266807527107984], [0.63133702924534, 0.6549504877641064, 0.6717315812198316, 0.660170797510738, 0.6332572326503734, 0.640415930039229, 0.6338712219312443, 0.605897986783491, 0.6266807527107984, 0.6266807527107984, 0.6266807527107984, 0.6266807527107984], [0.6531697563949391, 0.6488815567949398, 0.6296323946587424, 0.6376380082524749, 0.6338712219312443, 0.6331499060990186, 0.605897986783491, 0.605897986783491, 0.6266807527107984, 0.605897986783491, 0.6266807527107984, 0.6266807527107984], [0.6182349140223824, 0.655514688234371, 0.6418470052582866, 0.6480531940804528, 0.6541452467956592, 0.6266807527107984, 0.6266807527107984, 0.6266807527107984, 0.6266807527107984, 0.605897986783491, 0.6266807527107984, 0.6266807527107984], [0.6270266388683963, 0.6321838917859882, 0.6615524013751926, 0.6421891093926754, 0.5976735137147484, 0.6256985311921969, 0.6257350522985559, 0.605897986783491, 0.6266807527107984, 0.605897986783491, 0.6266807527107984, 0.6266807527107984], [0.6425710978200793, 0.6256985311921969, 0.6385953966936174, 0.64863091781008, 0.637088136598859, 0.6376380082524749, 0.5976735137147484, 0.5976735137147484, 0.6266807527107984, 0.6266807527107984, 0.6266807527107984, 0.6266807527107984], [0.6306063403572896, 0.638092341442244, 0.657982369478229, 0.605897986783491, 0.6292446275979293, 0.6418470052582866, 0.6266807527107984, 0.6256985311921969, 0.6266807527107984, 0.6256985311921969, 0.6266807527107984, 0.6266807527107984], [0.6571856349283802, 0.6432258683794913, 0.6541452467956592, 0.660170797510738, 0.6610849994865589, 0.6266807527107984, 0.6332572326503734, 0.6376380082524749, 0.6266807527107984, 0.6266807527107984, 0.6266807527107984, 0.6266807527107984], [0.6548036490818047, 0.6644513181974089, 0.6491198102061259, 0.6290500336454966, 0.6610849994865589, 0.6185287931340672, 0.6256985311921969, 0.6266807527107984, 0.6266807527107984, 0.6256985311921969, 0.6266807527107984, 0.6266807527107984], [0.6299672386649895, 0.6499434643154941, 0.6496921860547515, 0.6415491868759492, 0.6332572326503734, 0.6264487452120188, 0.6266807527107984, 0.6266807527107984, 0.6256985311921969, 0.605897986783491, 0.6266807527107984, 0.6266807527107984], [0.6341685727384034, 0.6652995834029322, 0.654460509100617, 0.6442905030857651, 0.6458462038122978, 0.605897986783491, 0.605897986783491, 0.6266807527107984, 0.6266807527107984, 0.6266807527107984, 0.605897986783491, 0.6266807527107984], [0.641454302413452, 0.6264487452120188, 0.6323417102972706, 0.6408508198633366, 0.6384675283636829, 0.6266807527107984, 0.605897986783491, 0.6266807527107984, 0.6266807527107984, 0.6266807527107984, 0.6266807527107984, 0.6266807527107984], [0.6456121065780058, 0.6637269072004844, 0.6125420020950471, 0.6520639452141855, 0.5976735137147484, 0.6538069202016215, 0.6266807527107984, 0.6266807527107984, 0.6266807527107984, 0.605897986783491, 0.6266807527107984, 0.6266807527107984], [0.6489257217612083, 0.6528935466767604, 0.6602664595559327, 0.633367820361267, 0.6548036490818047, 0.6256985311921969, 0.6376380082524749, 0.605897986783491, 0.605897986783491, 0.6266807527107984, 0.6266807527107984, 0.6266807527107984], [0.6231255612819171, 0.6542229462831223, 0.6498849536684167, 0.6293927859695203, 0.660170797510738, 0.6458462038122978, 0.5976735137147484, 0.605897986783491, 0.6266807527107984, 0.6266807527107984, 0.6256985311921969, 0.6266807527107984], [0.6419567771643618, 0.6415491868759492, 0.639998251363213, 0.6344972802184452, 0.6332572326503734, 0.6266807527107984, 0.6442905030857651, 0.5976735137147484, 0.6266807527107984, 0.6376380082524749, 0.6266807527107984, 0.6266807527107984], [0.6179551426558858, 0.6576866483589033, 0.6384313600205043, 0.6256985311921969, 0.6515276688282907, 0.6125420020950471, 0.6125420020950471, 0.6256985311921969, 0.6266807527107984, 0.6266807527107984, 0.6266807527107984, 0.6266807527107984], [0.6204937538723525, 0.6459586997025076,