{"sys_time_budget": [0.016666666666666666, 0.0453133463910331, 0.12319796166922513, 0.3349507147072089, 0.9106642655671118, 2.4759147186946975, 6.731518876972201, 18.30165879660117, 49.75856427485322, 135.28362353441455, 367.8092216549427, 1000.0000000000005], "sys_acc": [[0.8004514144757359, 0.8025028999586573, 0.8029328312509615, 0.8027761101237753, 0.8028346587938784, 0.8030174364188694, 0.803009797844441, 0.8028094192773091, 0.8031232907610111, 0.8031991349785236, 0.8031991349785236, 0.8032615745641593], [0.8028126936941679, 0.8018991728518491, 0.8028422478926274, 0.8025287327973367, 0.8028094192773091, 0.8027761101237753, 0.8031232907610111, 0.8030174364188694, 0.8025696501133233, 0.8031991349785236, 0.8031991349785236, 0.8032615745641593], [0.8015372915191216, 0.8017842222321859, 0.8028094192773091, 0.802734937036296, 0.8027024151302942, 0.8027024151302942, 0.8030006773540681, 0.8030174364188694, 0.8031991349785236, 0.8031991349785236, 0.8031991349785236, 0.8032615745641593], [0.8024824326485226, 0.802710499215131, 0.8028810625421267, 0.8026235534657213, 0.8028904407518255, 0.8030174364188694, 0.8028094192773091, 0.8032278661585799, 0.8025696501133233, 0.8031991349785236, 0.8031991349785236, 0.8032615745641593], [0.8029460845481919, 0.8029558640314879, 0.8031329452202751, 0.8030277793951112, 0.8024096321983534, 0.8027024151302942, 0.8028346587938784, 0.8028094192773091, 0.8031232907610111, 0.8030174364188694, 0.8031991349785236, 0.8032615745641593], [0.8017945686951357, 0.8022041335532155, 0.8024874349579418, 0.8029189978596899, 0.8031991349785236, 0.8028904407518255, 0.8027761101237753, 0.8030174364188694, 0.8031991349785236, 0.8031991349785236, 0.8031991349785236, 0.8032615745641593], [0.801878065688576, 0.8024999829150662, 0.8029228355131653, 0.8028269824273256, 0.8030126932192898, 0.8029167026605589, 0.8029167026605589, 0.8025696501133233, 0.8031232907610111, 0.8031991349785236, 0.8031991349785236, 0.8032615745641593], [0.7966544922570483, 0.8024486365588083, 0.8023312023844221, 0.802997330264586, 0.8028094192773091, 0.8028904407518255, 0.8030262999390528, 0.8030174364188694, 0.8031991349785236, 0.8031991349785236, 0.8031991349785236, 0.8032615745641593], [0.8008518881803351, 0.802282448631401, 0.8032278661585799, 0.8026549420036813, 0.8027024151302942, 0.8027024151302942, 0.8029167026605589, 0.8029167026605589, 0.8025696501133233, 0.8031991349785236, 0.8031991349785236, 0.8032615745641593], [0.8024776202861248, 0.8021512304054735, 0.8030631193319782, 0.8027761101237753, 0.8029167026605589, 0.8028346587938784, 0.8030174364188694, 0.802897169227421, 0.8031232907610111, 0.8031991349785236, 0.8031232907610111, 0.8032615745641593], [0.7983651874147556, 0.8022555320136548, 0.8028526665148931, 0.802993372168199, 0.8032278661585799, 0.8028904407518255, 0.8028094192773091, 0.8031232907610111, 0.8030174364188694, 0.8031991349785236, 0.8031232907610111, 0.8032615745641593], [0.8031816500192839, 0.802206751714901, 0.8025983552820346, 0.8030754718531661, 0.8030174364188694, 0.8028904407518255, 0.8027649151327227, 0.8030126932192898, 0.8025696501133233, 0.8031991349785236, 0.8031991349785236, 0.8032615745641593], [0.800845867601265, 0.8026947973156683, 0.802993372168199, 0.8029328312509615, 0.8032278661585799, 0.8028904407518255, 0.8030126932192898, 0.8025696501133233, 0.8025696501133233, 0.8030174364188694, 0.8031991349785236, 0.8032615745641593], [0.8027680197435266, 0.8030630103199631, 0.802790214547725, 0.8030126932192898, 0.8025287327973367, 0.8028904407518255, 0.8030174364188694, 0.8028094192773091, 0.8031232907610111, 0.8031991349785236, 0.8031991349785236, 0.8032615745641593], [0.8022441968089481, 0.8023698598513179, 0.8027019002397839, 0.8028658079511252, 0.8030174364188694, 0.8027024151302942, 0.8029167026605589, 0.8028094192773091, 0.8025696501133233, 0.8031991349785236, 0.8031991349785236, 0.8032615745641593], [0.8011451452416462, 0.8027195426373717, 0.8027649151327227, 0.8027761101237753, 0.8027024151302942, 0.8027024151302942, 0.8028904407518255, 0.8025696501133233, 0.8031991349785236, 0.8031991349785236, 0.8031991349785236, 0.8032615745641593], [0.7985746086442235, 0.8028457113282988, 0.8030871259745803, 0.8027649151327227, 0.8028904407518255, 0.8032278661585799, 0.8027761101237753, 0.8028094192773091, 0.8031991349785236, 0.8031991349785236, 0.8031991349785236, 0.8032615745641593], [0.8006085394358728, 0.8024217120505731, 0.8021743485536297, 0.803009797844441, 0.8030277793951112, 0.8027024151302942, 0.8030174364188694, 0.8030174364188694, 0.8025696501133233, 0.8031991349785236, 0.8031991349785236, 0.8032615745641593], [0.8023750484771351, 0.8019994287207135, 0.8026892245622083, 0.8021180373253544, 0.8027024151302942, 0.8027024151302942, 0.8030174364188694, 0.8029167026605589, 0.8031991349785236, 0.8031991349785236, 0.8031991349785236, 0.8032615745641593], [0.8026562057431684, 0.8020605612277056, 0.8020708154396863, 0.8030174364188694, 0.8030139024182692, 0.8028904407518255, 0.803009797844441, 0.8025696501133233, 0.8025696501133233, 0.8031991349785236, 0.8031991349785236, 0.8032615745641593], [0.7982663172584581, 0.802802462689408, 0.8028855635038742, 0.8025696501133233, 0.8027024151302942, 0.8027024151302942, 0.802734937036296, 0.8030174364188694, 0.8031991349785236, 0.8030174364188694, 0.8031991349785236, 0.8032615745641593], [0.8022787346331065, 0.8025376314496866, 0.80183658930329, 0.8028904407518255, 0.8030006773540681, 0.8027024151302942, 0.8028904407518255, 0.8025696501133233, 0.8031232907610111, 0.8031991349785236, 0.8031991349785236, 0.8032615745641593], [0.8023773476762017, 0.8021979081957561, 0.8029328312509615, 0.8031232907610111, 0.8030174364188694, 0.8028904407518255, 0.803067534892734, 0.8025696501133233, 0.8031232907610111, 0.8031991349785236, 0.8031991349785236, 0.8032615745641593], [0.799834823405695, 0.8026193410684116, 0.8024874349579418, 0.8027024151302942, 0.8027024151302942, 0.8027024151302942, 0.8030174364188694, 0.8030174364188694, 0.8031991349785236, 0.8031991349785236, 0.8031991349785236, 0.8032615745641593], [0.8001734098159872, 0.8022244016027609, 0.8024365727845933, 0.8027074719433699, 0.8024704269362002, 0.8027024151302942, 0.8027761101237753, 0.8025696501133233, 0.8031991349785236, 0.8031991349785236, 0.8031991349785236, 0.8032615745641593], [0.8020947393348745, 0.8021241094459822, 0.8021969749172324, 0.8030086661917473, 0.8023773650085033, 0.8027761101237753, 0.8030174364188694, 0.8030174364188694, 0.8025696501133233, 0.8031991349785236, 0.8031991349785236, 0.8032615745641593], [0.8023645092790062, 0.8023550743731277, 0.8021960241780443, 0.8030277793951112, 0.8027024151302942, 0.8027024151302942, 0.8028904407518255, 0.8028094192773091, 0.8031991349785236, 0.8031991349785236, 0.8031991349785236, 0.8032615745641593], [0.8028007476376997, 0.8029670759987244, 0.8028346587938784, 0.8025033361057218, 0.8023521826493566, 0.8027761101237753, 0.8028904407518255, 0.8031232907610111, 0.8025696501133233, 0.8031991349785236, 0.8031991349785236, 0.8032615745641593], [0.8022037844331992, 0.8023441732211787, 0.8025902701436507, 0.8024305225905997, 0.8028094192773091, 0.8027024151302942, 0.8030262999390528, 0.8025696501133233, 0.8031991349785236, 0.8031991349785236, 0.8031991349785236, 0.8032615745641593], [0.8017859933153216, 0.8002877454706042, 0.8028904407518255, 0.8028094192773091, 0.8027024151302942, 0.8027024151302942, 0.802359219665377, 0.8028094192773091, 0.8025696501133233, 0.8031991349785236, 0.8031991349785236, 0.8032615745641593], [0.8001752931144095, 0.8010078918068734, 0.8022068641625568, 0.8030174364188694, 0.802897169227421, 0.8028904407518255, 0.802972978975278, 0.8025696501133233, 0.8025696501133233, 0.8031991349785236, 0.8031991349785236, 0.8032615745641593], [0.8020208142502493, 0.8025532493642076, 0.8028133287573324, 0.8022288427775573, 0.802734937036296, 0.8027024151302942, 0.8030126932192898, 0.8025696501133233, 0.8025696501133233, 0.8031991349785236, 0.8031991349785236, 0.8032615745641593], 