{"sys_time_budget": [0.016666666666666666, 0.0453133463910331, 0.12319796166922513, 0.3349507147072089, 0.9106642655671118, 2.4759147186946975, 6.731518876972201, 18.30165879660117, 49.75856427485322, 135.28362353441455, 367.8092216549427, 1000.0000000000005], "sys_acc": [[0.7985790556469051, 0.8023145295634752, 0.802161207445144, 0.8027074719433699, 0.8028904407518255, 0.8027024151302942, 0.8027024151302942, 0.8027024151302942, 0.8027024151302942, 0.8027024151302942, 0.8027024151302942, 0.8027024151302942], [0.7995429620419146, 0.8027593905940581, 0.8019604343407803, 0.8022305268041171, 0.802897169227421, 0.8027024151302942, 0.8027024151302942, 0.8027024151302942, 0.8027024151302942, 0.8027024151302942, 0.8027024151302942, 0.8027024151302942], [0.800174777319447, 0.8000356734650919, 0.8026353154248431, 0.8028346587938784, 0.8027024151302942, 0.8029189978596899, 0.8027024151302942, 0.8027024151302942, 0.8027024151302942, 0.8027024151302942, 0.8027024151302942, 0.8027024151302942], [0.8003478981891075, 0.8023145295634752, 0.8019019454035397, 0.8031011214611808, 0.8027024151302942, 0.8029167026605589, 0.8027024151302942, 0.8027024151302942, 0.8027024151302942, 0.8027024151302942, 0.8027024151302942, 0.8027024151302942], [0.8012654286283858, 0.8015558871799772, 0.8031329452202751, 0.8018780272563414, 0.8028094192773091, 0.8028904407518255, 0.8027024151302942, 0.8027024151302942, 0.8027024151302942, 0.8027024151302942, 0.8027024151302942, 0.8027024151302942], [0.7999110692219316, 0.8028151166648033, 0.8029025794634763, 0.8028094192773091, 0.8025696501133233, 0.8027761101237753, 0.8027024151302942, 0.8027024151302942, 0.8027024151302942, 0.8027024151302942, 0.8027024151302942, 0.8027024151302942], [0.8022989988905226, 0.8020070567840636, 0.8030525854029515, 0.802897169227421, 0.8028904407518255, 0.8027024151302942, 0.8027024151302942, 0.8027024151302942, 0.8027024151302942, 0.8027024151302942, 0.8027024151302942, 0.8027024151302942], [0.8016720914763746, 0.8024525707677264, 0.8019119716768242, 0.8025717869782681, 0.8030174364188694, 0.8028904407518255, 0.8028904407518255, 0.8027024151302942, 0.8027024151302942, 0.8027024151302942, 0.8027024151302942, 0.8027024151302942], [0.800383290195947, 0.8026855558951139, 0.8028863932707435, 0.8026750207182168, 0.8028094192773091, 0.8027024151302942, 0.8027024151302942, 0.8027024151302942, 0.8027024151302942, 0.8027024151302942, 0.8027024151302942, 0.8027024151302942], [0.7962424884108463, 0.8023839018757627, 0.8013939101040275, 0.8030219297241054, 0.8028346587938784, 0.8027024151302942, 0.8027024151302942, 0.8027024151302942, 0.8027024151302942, 0.8027024151302942, 0.8027024151302942, 0.8027024151302942], [0.8022747992602113, 0.7999429916049282, 0.8022946429905012, 0.8023521826493566, 0.8027024151302942, 0.8027024151302942, 0.8027024151302942, 0.8027024151302942, 0.8027024151302942, 0.8027024151302942, 0.8027024151302942, 0.8027024151302942], [0.8004595671688425, 0.8022764034463723, 0.8021880811621046, 0.8026947973156683, 0.8027024151302942, 0.8027024151302942, 0.8027024151302942, 0.8027024151302942, 0.8027024151302942, 0.8027024151302942, 0.8027024151302942, 0.8027024151302942], [0.8014001514937239, 0.8023699688468067, 0.8023296533800349, 0.8029167026605589, 0.8027761101237753, 0.8027024151302942, 0.8027024151302942, 0.8027024151302942, 0.8027024151302942, 0.8027024151302942, 0.8027024151302942, 0.8027024151302942], [0.801330965273699, 0.8026158533029206, 0.801623075493295, 0.802734937036296, 0.8030174364188694, 0.8030174364188694, 0.8027024151302942, 0.8027024151302942, 0.8027024151302942, 0.8027024151302942, 0.8027024151302942, 0.8027024151302942], [0.8019189598066224, 0.8020702855048866, 0.8028085865663004, 0.8028746759953291, 0.8027024151302942, 0.8027024151302942, 0.8027024151302942, 0.8027024151302942, 0.8027024151302942, 0.8027024151302942, 0.8027024151302942, 0.8027024151302942], [0.8029153834661215, 0.8030823415200324, 0.8010951373281109, 0.8023180818462281, 0.8030139024182692, 0.8027024151302942, 0.8028904407518255, 0.8027024151302942, 0.8027024151302942, 0.8027024151302942, 0.8027024151302942, 0.8027024151302942], [0.7966367953770038, 0.8029716557493719, 0.8018407592028298, 0.8027781236446399, 0.8027024151302942, 0.8030174364188694, 0.8027024151302942, 0.8027024151302942, 0.8027024151302942, 0.8027024151302942, 0.8027024151302942, 0.8027024151302942], [0.8016306115891262, 0.8030920299151141, 0.8027268095871376, 0.8030738203104762, 0.8027761101237753, 0.8027024151302942, 0.8027024151302942, 0.8027024151302942, 0.8027024151302942, 0.8027024151302942, 0.8027024151302942, 0.8027024151302942], [0.8000609899506821, 0.8026451988753549, 0.8031564137916867, 0.8024942500984151, 0.8029250424460236, 0.8027024151302942, 0.8027024151302942, 0.8027024151302942, 0.8027024151302942, 0.8027024151302942, 0.8027024151302942, 0.8027024151302942], [0.8026551058103015, 0.802863672385037, 0.8021416932597395, 0.8030277793951112, 0.8028346587938784, 0.8028904407518255, 0.8027024151302942, 0.8027024151302942, 0.8027024151302942, 0.8027024151302942, 0.8027024151302942, 0.8027024151302942], [0.8023067971401034, 0.8025857520211731, 0.8020690871795064, 0.8027148145059267, 0.8028904407518255, 0.8030174364188694, 0.8028904407518255, 0.8027024151302942, 0.8027024151302942, 0.8027024151302942, 0.8027024151302942, 0.8027024151302942], [0.8028429221894529, 0.8013358971853817, 0.802621483303372, 0.8030095054089547, 0.8029167026605589, 0.8027024151302942, 0.8027024151302942, 0.8027024151302942, 0.8027024151302942, 0.8027024151302942, 0.8027024151302942, 0.8027024151302942], [0.800611321761488, 0.8025068737261815, 0.8029250424460236, 0.8029963403191783, 0.8023521826493566, 0.8027024151302942, 0.8027024151302942, 0.8027024151302942, 0.8027024151302942, 0.8027024151302942, 0.8027024151302942, 0.8027024151302942], [0.802670028330372, 0.8024976922243002, 0.8029250424460236, 0.8023340703655771, 0.8029167026605589, 0.8028904407518255, 0.8027024151302942, 0.8027024151302942, 0.8027024151302942, 0.8027024151302942, 0.8027024151302942, 0.8027024151302942], [0.802215737141535, 0.8029223118359777, 0.802790214547725, 0.8029983913474529, 0.8025287327973367, 0.8028094192773091, 0.8027024151302942, 0.8027024151302942, 0.8027024151302942, 0.8027024151302942, 0.8027024151302942, 0.8027024151302942], [0.8014991346359525, 0.8027307478044058, 0.8029403819755534, 0.8023503384784599, 0.8030126932192898, 0.8027024151302942, 0.8027024151302942, 0.8027024151302942, 0.8027024151302942, 0.8027024151302942, 0.8027024151302942, 0.8027024151302942], [0.8025051197177978, 0.8019884902738491, 0.8021885460991373, 0.802993372168199, 0.8031232907610111, 0.8027761101237753, 0.8028904407518255, 0.8027024151302942, 0.8027024151302942, 0.8027024151302942, 0.8027024151302942, 0.8027024151302942], [0.8013453674818779, 0.8026575203565822, 0.8025188363962714, 0.8028746759953291, 0.8032278661585799, 0.8027024151302942, 0.8027024151302942, 0.8027024151302942, 0.8027024151302942, 0.8027024151302942, 0.8027024151302942, 0.8027024151302942], [0.7990146364711862, 0.8020385730042183, 0.8026048712868222, 0.8027761101237753, 0.8029167026605589, 0.8027024151302942, 0.8030174364188694, 0.8027024151302942, 0.8027024151302942, 0.8027024151302942, 0.8027024151302942, 0.8027024151302942], [0.8001752931144095, 0.8010932563216057, 0.8001580653652668, 0.8027761101237753, 0.8030174364188694, 0.8027024151302942, 0.8027024151302942, 0.8027024151302942, 0.8027024151302942, 0.8027024151302942, 0.8027024151302942, 0.8027024151302942], [0.8018880690028948, 0.8019119716768242, 0.8017608044856427, 0.8030126932192898, 0.8023392986823938, 0.8027024151302942, 0.8027024151302942, 0.8027024151302942, 0.8027024151302942, 0.8027024151302942, 0.8027024151302942, 0.8027024151302942], [0.8024632645799672, 0.8019793690667031, 0.8030405993687102, 0.802897169227421, 0.8025261924268409, 0.8027761101237753, 0.8028904407518255, 0.8027024151302942, 0.8027024151302942, 0.8027024151302942, 0.8027024151302942, 0.8027024151302942],