{"sys_time_budget": [0.016666666666666666, 0.031752236264185954, 0.06049227046660112, 0.11524589184075341, 0.21955888717226532, 0.4182891395637308, 0.7968969351702381, 1.5181955858238647, 2.8923662961794125, 5.510345879931426, 10.497948256617976, 19.999999999999993], "sys_acc": [[0.8017945686951357, 0.8023606345901161, 0.802597408893001, 0.8030708947463352, 0.8029323481569632, 0.803009797844441, 0.8030174364188694, 0.8027024151302942, 0.8027024151302942, 0.8030174364188694, 0.8028094192773091, 0.8028094192773091]]}