{"sys_time_budget": [0.016666666666666666, 0.19304869754804488, 2.2360679774997907, 25.900200641113532, 300.0000000000002, 1500], "sys_acc": [[0.9780039962329052, 0.9793525612327006, 0.9800915384443517, 0.9805218764664727, 0.9812647535727882, 0.981358559726915], [0.9793599230972485, 0.9774215182262295, 0.9784439852328234, 0.9805218764664727, 0.9812647535727882, 0.981358559726915], [0.9801019040435138, 0.9801835123806134, 0.9783500128975492, 0.9802321101902912, 0.9812647535727882, 0.981358559726915], [0.9791919500766085, 0.9790811838031396, 0.9795588645154854, 0.9805218764664727, 0.9812647535727882, 0.981358559726915], [0.9793608499721922, 0.9802417809754849, 0.9788888113938895, 0.9805218764664727, 0.9812647535727882, 0.981358559726915], [0.9786259908284889, 0.9803727721177429, 0.9802321101902912, 0.9802321101902912, 0.9812647535727882, 0.981358559726915], [0.9800002864842428, 0.9794401332295914, 0.9794834623888569, 0.980094755736017, 0.9812647535727882, 0.981358559726915], [0.9794309520715484, 0.9788503701792615, 0.9800915384443517, 0.9805218764664727, 0.9812647535727882, 0.981358559726915], [0.9797373370526287, 0.9804316632420765, 0.9802690136374209, 0.9805218764664727, 0.9812647535727882, 0.981358559726915]]}