{"sys_time_budget": [0.016666666666666666, 0.031752236264185954, 0.06049227046660112, 0.11524589184075341, 0.21955888717226532, 0.4182891395637308, 0.7968969351702381, 1.5181955858238647, 2.8923662961794125, 5.510345879931426, 10.497948256617976, 19.999999999999993], "sys_acc": [[0.6354062083798733, 0.6510622670410317, 0.6553069932970317, 0.6268466746276676, 0.6503908658406595, 0.6604217964185505, 0.6770595206177613, 0.6770595206177613, 0.6770595206177613, 0.6770595206177613, 0.6770595206177613, 0.6770595206177613], [0.6442413946084721, 0.6483754781589975, 0.6494860278973552, 0.6268466746276676, 0.6548017242748305, 0.6604217964185505, 0.6604217964185505, 0.6770595206177613, 0.6770595206177613, 0.6770595206177613, 0.6770595206177613, 0.6770595206177613], [0.648674176391527, 0.6515084998880744, 0.644124110664543, 0.6336647424477383, 0.6503908658406595, 0.6552446904989145, 0.6770595206177613, 0.6770595206177613, 0.6770595206177613, 0.6770595206177613, 0.6770595206177613, 0.6770595206177613], [0.6440606321857886, 0.6380440955753409, 0.6503908658406595, 0.6268466746276676, 0.6503908658406595, 0.654916601045626, 0.6770595206177613, 0.6770595206177613, 0.6770595206177613, 0.6770595206177613, 0.6770595206177613, 0.6770595206177613], [0.6512378225146035, 0.6499899276983364, 0.6338309596184872, 0.6268466746276676, 0.6432785814048989, 0.6494860278973552, 0.6552446904989145, 0.6770595206177613, 0.6770595206177613, 0.6770595206177613, 0.6770595206177613, 0.6770595206177613], [0.6770595206177613, 0.6340323951366317, 0.654916601045626, 0.6604217964185505, 0.6604217964185505, 0.6770595206177613, 0.6552446904989145, 0.6770595206177613, 0.6770595206177613, 0.6770595206177613, 0.6770595206177613, 0.6770595206177613], [0.6470246100698459, 0.6268466746276676, 0.6485231774113179, 0.6429196828320061, 0.6503908658406595, 0.6604217964185505, 0.6770595206177613, 0.6770595206177613, 0.6770595206177613, 0.6770595206177613, 0.6770595206177613, 0.6770595206177613], [0.6504175407392189, 0.6268466746276676, 0.6352774358434111, 0.6470566438501719, 0.6552446904989145, 0.6552446904989145, 0.6604217964185505, 0.6770595206177613, 0.6770595206177613, 0.6770595206177613, 0.6770595206177613, 0.6770595206177613], [0.6470566438501719, 0.6547569227164382, 0.6623594584474688, 0.644124110664543, 0.6515084998880744, 0.6604217964185505, 0.6770595206177613, 0.6770595206177613, 0.6770595206177613, 0.6770595206177613, 0.6770595206177613, 0.6770595206177613], [0.6298731599816815, 0.654916601045626, 0.6552446904989145, 0.6257011678481283, 0.6417397671269452, 0.6604217964185505, 0.6604217964185505, 0.6770595206177613, 0.6770595206177613, 0.6770595206177613, 0.6770595206177613, 0.6770595206177613], [0.6336647424477383, 0.6566502226542537, 0.6336647424477383, 0.6395347054123496, 0.6552446904989145, 0.6494860278973552, 0.6604217964185505, 0.6770595206177613, 0.6770595206177613, 0.6770595206177613, 0.6770595206177613, 0.6770595206177613], [0.6523127995557352, 0.6379095869555662, 0.6336647424477383, 0.644124110664543, 0.6503908658406595, 0.6604217964185505, 0.6604217964185505, 0.6770595206177613, 0.6770595206177613, 0.6770595206177613, 0.6770595206177613, 0.6770595206177613], [0.6508915966361618, 0.6398204357737607, 0.6552446904989145, 0.6450108422367403, 0.6770595206177613, 0.6552446904989145, 0.6552446904989145, 0.6770595206177613, 0.6770595206177613, 0.6770595206177613, 0.6770595206177613, 0.6770595206177613], [0.6418848399540433, 0.6268466746276676, 0.6604217964185505, 0.6338309596184872, 0.6494860278973552, 0.6604217964185505, 0.6770595206177613, 0.6623594584474688, 0.6770595206177613, 0.6770595206177613, 0.6770595206177613, 0.6770595206177613], [0.6454681027383335, 0.6462560095287299, 0.6552446904989145, 0.6268466746276676, 0.6494860278973552, 0.6604217964185505, 0.6770595206177613, 0.6770595206177613, 0.6770595206177613, 0.6770595206177613, 0.6770595206177613, 0.6770595206177613], [0.6145287235506839, 0.6770595206177613, 0.6440606321857886, 0.6395347054123496, 0.6494860278973552, 0.6552446904989145, 0.6770595206177613, 0.6770595206177613, 0.6770595206177613, 0.6770595206177613, 0.6770595206177613, 0.6770595206177613], [0.6397128183402874, 0.6423708479970837, 0.6649290357468598, 0.6552446904989145, 0.6604217964185505, 0.6604217964185505, 0.6770595206177613, 0.6770595206177613, 0.6770595206177613, 0.6770595206177613, 0.6770595206177613, 0.6770595206177613], [0.6355616530834419, 0.6360515387820684, 0.6355616530834419, 0.6419625065293797, 0.6355616530834419, 0.6623594584474688, 0.6552446904989145, 0.6770595206177613, 0.6770595206177613, 0.6770595206177613, 0.6770595206177613, 0.6770595206177613], [0.6567513462060742, 0.6532995649994353, 0.6770595206177613, 0.6336647424477383, 0.6552446904989145, 0.6604217964185505, 0.6604217964185505, 0.6770595206177613, 0.6770595206177613, 0.6770595206177613, 0.6770595206177613, 0.6770595206177613], [0.6451846862812977, 0.6306644535064567, 0.616706887520328, 0.6257011678481283, 0.647768443377937, 0.6604217964185505, 0.6770595206177613, 0.6623594584474688, 0.6770595206177613, 0.6770595206177613, 0.6770595206177613, 0.6770595206177613], [0.6558346510705876, 0.6330590328492999, 0.6336647424477383, 0.6398204357737607, 0.6552446904989145, 0.6604217964185505, 0.6604217964185505, 0.6770595206177613, 0.6770595206177613, 0.6770595206177613, 0.6770595206177613, 0.6770595206177613], [0.6311004697304439, 0.620751435130288, 0.6395347054123496, 0.6336647424477383, 0.6552446904989145, 0.6604217964185505, 0.6604217964185505, 0.6770595206177613, 0.6770595206177613, 0.6770595206177613, 0.6770595206177613, 0.6770595206177613], [0.6532722089415118, 0.6496312957557483, 0.6494860278973552, 0.6494860278973552, 0.6552446904989145, 0.6552446904989145, 0.6503908658406595, 0.6770595206177613, 0.6770595206177613, 0.6770595206177613, 0.6770595206177613, 0.6770595206177613], [0.6352201887055359, 0.628575521229673, 0.6494860278973552, 0.6398204357737607, 0.6494860278973552, 0.6604217964185505, 0.6770595206177613, 0.6770595206177613, 0.6770595206177613, 0.6770595206177613, 0.6770595206177613, 0.6770595206177613], [0.6336647424477383, 0.6503509324372717, 0.6306644535064567, 0.6398204357737607, 0.6494860278973552, 0.6604217964185505, 0.6604217964185505, 0.6770595206177613, 0.6770595206177613, 0.6770595206177613, 0.6770595206177613, 0.6770595206177613], [0.6504175407392189, 0.6338309596184872, 0.6494860278973552, 0.6552446904989145, 0.640505177679637, 0.6552446904989145, 0.6604217964185505, 0.6770595206177613, 0.6770595206177613, 0.6770595206177613, 0.6770595206177613, 0.6770595206177613], [0.6467089768660131, 0.6503908658406595, 0.6604217964185505, 0.644124110664543, 0.6397128183402874, 0.6604217964185505, 0.6552446904989145, 0.6770595206177613, 0.6770595206177613, 0.6770595206177613, 0.6770595206177613, 0.6770595206177613], [0.6534031095701262, 0.6342410089888952, 0.6523127995557352, 0.6494860278973552, 0.6552446904989145, 0.6604217964185505, 0.6604217964185505, 0.6770595206177613, 0.6770595206177613, 0.6770595206177613, 0.6770595206177613, 0.6770595206177613], [0.6417397671269452, 0.6552446904989145, 0.6398204357737607, 0.6552446904989145, 0.6552446904989145, 0.6623594584474688, 0.6604217964185505, 0.6770595206177613, 0.6770595206177613, 0.6770595206177613, 0.6770595206177613, 0.6770595206177613], [0.6345399114318757, 0.6258676392663942, 0.6336647424477383, 0.654916601045626, 0.6503908658406595, 0.6566502226542537, 0.6604217964185505, 0.6770595206177613, 0.6770595206177613, 0.6770595206177613, 0.6770595206177613, 0.6770595206177613], [0.6306644535064567, 0.6770595206177613, 0.6623594584474688, 0.6623594584474688, 0.6552446904989145, 0.6604217964185505, 0.6623594584474688, 0.6770595206177613, 0.6770595206177613, 0.6770595206177613, 0.6770595206177613, 0.6770595206177613], [0.6267150391884141, 0.6229931259616057, 0.6552446904989145, 0.644124110664543, 0.6494860278973552, 0.6604217964185505, 0.6770595206177613, 0.6770595206177613, 0.6770595206177613, 0.6770595206177613, 0.6770595206177613, 