{"sys_time_budget": [0.016666666666666666, 0.0453133463910331, 0.12319796166922513, 0.3349507147072089, 0.9106642655671118, 2.4759147186946975, 6.731518876972201, 18.30165879660117, 49.75856427485322, 135.28362353441455, 367.8092216549427, 1000.0000000000005], "sys_acc": [[0.9786611188587087, 0.9790742202245988, 0.9798695932170981, 0.9788888113938895, 0.9794521659560285, 0.9788888113938895, 0.9808401430195571, 0.9788888113938895, 0.9788888113938895, 0.9788888113938895, 0.9788888113938895, 0.9788888113938895], [0.9784181199295973, 0.9800002864842428, 0.9794401332295914, 0.9799041530620429, 0.9805877462708854, 0.9788888113938895, 0.9788888113938895, 0.9788888113938895, 0.9788888113938895, 0.9788888113938895, 0.9788888113938895, 0.9788888113938895], [0.9797591070849996, 0.9784908574966267, 0.9802743850057309, 0.9800197931334227, 0.9794521659560285, 0.9808401430195571, 0.9794521659560285, 0.9788888113938895, 0.9788888113938895, 0.9788888113938895, 0.9788888113938895, 0.9788888113938895], [0.9789793877886339, 0.9792673558002332, 0.9793193642738073, 0.9788872042794063, 0.9788888113938895, 0.9788888113938895, 0.9788888113938895, 0.9788888113938895, 0.9788888113938895, 0.9788888113938895, 0.9788888113938895, 0.9788888113938895], [0.9779356352656727, 0.979125414003768, 0.9797274097299185, 0.9793525612327006, 0.9802417809754849, 0.9800915384443517, 0.9788888113938895, 0.9808401430195571, 0.9788888113938895, 0.9788888113938895, 0.9788888113938895, 0.9788888113938895], [0.9792254206452684, 0.9784763827017847, 0.9796094570036291, 0.9794401332295914, 0.9788888113938895, 0.9808401430195571, 0.9788888113938895, 0.9788888113938895, 0.9788888113938895, 0.9788888113938895, 0.9788888113938895, 0.9788888113938895], [0.9799840927873131, 0.9800353372865277, 0.9801609339533014, 0.9794834623888569, 0.9802417809754849, 0.9808401430195571, 0.9794521659560285, 0.9788888113938895, 0.9788888113938895, 0.9788888113938895, 0.9788888113938895, 0.9788888113938895], [0.9776545772847759, 0.9794701562872846, 0.9782830251322004, 0.9797274097299185, 0.9808401430195571, 0.9788888113938895, 0.9788888113938895, 0.9788888113938895, 0.9788888113938895, 0.9788888113938895, 0.9788888113938895, 0.9788888113938895], [0.9794748385056413, 0.9788933953477785, 0.9798695932170981, 0.9800197931334227, 0.9802417809754849, 0.9792286837147102, 0.9788888113938895, 0.9788888113938895, 0.9808401430195571, 0.9788888113938895, 0.9788888113938895, 0.9788888113938895], [0.9796879206767187, 0.9793270608346654, 0.9793105793761685, 0.9805371469525189, 0.9808401430195571, 0.9788888113938895, 0.9788888113938895, 0.9788888113938895, 0.9788888113938895, 0.9788888113938895, 0.9788888113938895, 0.9788888113938895], [0.9784434248149639, 0.9783230080722891, 0.9786898409089305, 0.9784098184223269, 0.9793525612327006, 0.9808401430195571, 0.9788888113938895, 0.9788888113938895, 0.9788888113938895, 0.9788888113938895, 0.9788888113938895, 0.9788888113938895], [0.9783025597141104, 0.979305360795068, 0.9786801321358768, 0.9793525612327006, 0.9788888113938895, 0.9808401430195571, 0.9788888113938895, 0.9808401430195571, 0.9788888113938895, 0.9788888113938895, 0.9788888113938895, 0.9788888113938895], [0.97920555819817, 0.9803238257489525, 0.9792286837147102, 0.9794491072478122, 0.9808401430195571, 0.9788888113938895, 0.9808401430195571, 0.9788888113938895, 0.9788888113938895, 0.9788888113938895, 0.9788888113938895, 0.9788888113938895], [0.9792281627742674, 0.9787865511896467, 0.9802743850057309, 0.9804316632420765, 0.9794401332295914, 0.9788888113938895, 0.9788888113938895, 0.9788888113938895, 0.9788888113938895, 0.9788888113938895, 0.9788888113938895, 0.9788888113938895], [0.97894001286556, 0.9803238257489525, 0.9800197931334227, 0.9797274097299185, 0.9794521659560285, 0.9808401430195571, 0.9788888113938895, 0.9788888113938895, 0.9788888113938895, 0.9788888113938895, 0.9788888113938895, 0.9788888113938895], [0.9792912989505654, 0.9780118943145306, 0.9801609339533014, 0.9792286837147102, 0.9788888113938895, 0.9794521659560285, 0.9788888113938895, 0.9788888113938895, 0.9788888113938895, 0.9788888113938895, 0.9788888113938895, 0.9788888113938895], [0.9788355867630465, 0.9802690136374209, 0.9779685743609386, 0.9808401430195571, 0.9808401430195571, 0.9788888113938895, 0.9794521659560285, 0.9788888113938895, 0.9788888113938895, 0.9788888113938895, 0.9788888113938895, 0.9788888113938895], [0.9785005478589832, 0.979204444256749, 0.9805371469525189, 0.9788888113938895, 0.9794521659560285, 0.9788888113938895, 0.9808401430195571, 0.9788888113938895, 0.9788888113938895, 0.9788888113938895, 0.9788888113938895, 0.9788888113938895], [0.9794322140314605, 0.9789998115159136, 0.9794521659560285, 0.98021209487044, 0.9808401430195571, 0.9808401430195571, 0.9788888113938895, 0.9788888113938895, 0.9788888113938895, 0.9788888113938895, 0.9788888113938895, 0.9788888113938895], [0.9797415189286413, 0.9785708783618351, 0.9779988997025069, 0.9805371469525189, 0.9794521659560285, 0.9794521659560285, 0.9788888113938895, 0.9788888113938895, 0.9788888113938895, 0.9788888113938895, 0.9788888113938895, 0.9788888113938895], [0.9778831870389846, 0.9795647144041792, 0.9804316632420765, 0.9800915384443517, 0.9788888113938895, 0.9788888113938895, 0.9788888113938895, 0.9788888113938895, 0.9788888113938895, 0.9788888113938895, 0.9788888113938895, 0.9788888113938895], [0.9799698950231904, 0.9795588645154854, 0.9808401430195571, 0.9805877462708854, 0.9794521659560285, 0.9808401430195571, 0.9788888113938895, 0.9788888113938895, 0.9788888113938895, 0.9788888113938895, 0.9788888113938895, 0.9788888113938895], [0.9800884285583659, 0.979229092348274, 0.9798458462922273, 0.9805877462708854, 0.9800915384443517, 0.9800915384443517, 0.9788888113938895, 0.9788888113938895, 0.9788888113938895, 0.9788888113938895, 0.9788888113938895, 0.9788888113938895], [0.9802514141722024, 0.9794335545026025, 0.9793525612327006, 0.9788888113938895, 0.9802417809754849, 0.9788888113938895, 0.9788888113938895, 0.9788888113938895, 0.9788888113938895, 0.9788888113938895, 0.9788888113938895, 0.9788888113938895], [0.9790197034622907, 0.9798059009134031, 0.9794401332295914, 0.9788888113938895, 0.9788888113938895, 0.9794401332295914, 0.9788888113938895, 0.9788888113938895, 0.9788888113938895, 0.9788888113938895, 0.9788888113938895, 0.9788888113938895], [0.9785125466537935, 0.9796646226841875, 0.9791462372143516, 0.9794401332295914, 0.9800915384443517, 0.9808401430195571, 0.9788888113938895, 0.9788888113938895, 0.9788888113938895, 0.9788888113938895, 0.9788888113938895, 0.9788888113938895], [0.9802417809754849, 0.9790524286978407, 0.9808401430195571, 0.9805877462708854, 0.9797274097299185, 0.9788888113938895, 0.9788888113938895, 0.9788888113938895, 0.9788888113938895, 0.9788888113938895, 0.9788888113938895, 0.9788888113938895], [0.9791562987692363, 0.9798397269243325, 0.9805371469525189, 0.9788888113938895, 0.9808401430195571, 0.9788888113938895, 0.9788888113938895, 0.9788888113938895, 0.9788888113938895, 0.9788888113938895, 0.9788888113938895, 0.9788888113938895], [0.9781177515514841, 0.9786048677452593, 0.9779685743609386, 0.9805877462708854, 0.9804316632420765, 0.9788888113938895, 0.9788888113938895, 0.9788888113938895, 0.9788888113938895, 0.9788888113938895, 0.9788888113938895, 0.9788888113938895], [0.9794060885749732, 0.978657338756696, 0.9792198752817458, 0.9808401430195571, 0.9802417809754849, 0.9800915384443517, 0.9788888113938895, 0.9788888113938895, 0.9788888113938895, 0.9788888113938895, 0.9788888113938895, 0.9788888113938895], [0.980296083931379, 0.97888357378175, 0.9793525612327006, 0.9793599230972485, 0.9793525612327006, 0.9788888113938895, 0.9788888113938895, 0.9788888113938895, 0.9788888113938895, 0.9788888113938895, 0.9788888113938895, 0.9788888113938895], [0.9781199746190349, 0.9779844363000081, 0.9793525612327006, 0.9794815267808049, 0.9788888113938895, 0.9788888113938895, 0.9788888113938895, 0.9788888113938895, 0.9788888113938895, 0.9788888113938895, 0.9788888113938895, 