{"sys_time_budget": [0.016666666666666666, 0.0453133463910331, 0.12319796166922513, 0.3349507147072089, 0.9106642655671118, 2.4759147186946975, 6.731518876972201, 18.30165879660117, 49.75856427485322, 135.28362353441455, 367.8092216549427, 1000.0000000000005], "sys_acc": [[0.7988859825324118, 0.8023469332314899, 0.8021443263453111, 0.8025287327973367, 0.8027024151302942, 0.8029167026605589, 0.8028904407518255, 0.8028094192773091, 0.8031991349785236, 0.8031991349785236, 0.8031991349785236, 0.8032615745641593], [0.8007885561241852, 0.8008686940749838, 0.8018553782385668, 0.8028658079511252, 0.8023392986823938, 0.8027761101237753, 0.8027761101237753, 0.8030174364188694, 0.8025696501133233, 0.8031991349785236, 0.8031991349785236, 0.8032615745641593], [0.8026908715981377, 0.8023834193155854, 0.8032397300334512, 0.8028269824273256, 0.8030126932192898, 0.8027649151327227, 0.8027761101237753, 0.8028094192773091, 0.8031232907610111, 0.8031991349785236, 0.8031991349785236, 0.8032615745641593], [0.8022681932391353, 0.8025983552820346, 0.8021067849391832, 0.802922728609468, 0.8027649151327227, 0.8028904407518255, 0.8030006773540681, 0.8030174364188694, 0.8031232907610111, 0.8031991349785236, 0.8031991349785236, 0.8032615745641593], [0.8009547461606626, 0.8001734098159872, 0.8021184121988936, 0.8027024151302942, 0.8028094192773091, 0.8028904407518255, 0.8028094192773091, 0.802897169227421, 0.8025696501133233, 0.8031991349785236, 0.8031991349785236, 0.8032615745641593], [0.8014082939490339, 0.798616716753321, 0.8032025966650143, 0.8030738300387514, 0.8027649151327227, 0.8025287327973367, 0.8028904407518255, 0.8028094192773091, 0.8025696501133233, 0.8031991349785236, 0.8031232907610111, 0.8032615745641593], [0.8014004502232944, 0.802388317188186, 0.8030747761153062, 0.8030521602951077, 0.8031991349785236, 0.8027024151302942, 0.8028904407518255, 0.8028094192773091, 0.8031232907610111, 0.8031991349785236, 0.8031991349785236, 0.8032615745641593], [0.7983435186036197, 0.8023670255146956, 0.8024305225905997, 0.801922526331349, 0.8023521826493566, 0.8027024151302942, 0.8030174364188694, 0.8030174364188694, 0.8031991349785236, 0.8031232907610111, 0.8031991349785236, 0.8032615745641593], [0.8012665776867439, 0.7998020611271074, 0.8025153219815526, 0.8029167026605589, 0.8028904407518255, 0.8028904407518255, 0.8028904407518255, 0.803009797844441, 0.8025696501133233, 0.8031232907610111, 0.8031991349785236, 0.8032615745641593], [0.8016232960533785, 0.8028704888300288, 0.8028904407518255, 0.8026947973156683, 0.8023392986823938, 0.8028904407518255, 0.8027074719433699, 0.8028094192773091, 0.8031232907610111, 0.8031991349785236, 0.8031991349785236, 0.8032615745641593], [0.8014446050974124, 0.8026933790169153, 0.8029681918953573, 0.8029167026605589, 0.8025696501133233, 0.8028904407518255, 0.8028904407518255, 0.8028094192773091, 0.8025696501133233, 0.8031991349785236, 0.8031991349785236, 0.8032615745641593], [0.8003007158307743, 0.802393717056017, 0.8021744305305097, 0.8027148145059267, 0.8027024151302942, 0.8028904407518255, 0.8030174364188694, 0.8031232907610111, 0.8030174364188694, 0.8031991349785236, 0.8031991349785236, 0.8032615745641593], [0.800781641807014, 0.8010951373281109, 0.8026936924915765, 0.8024305225905997, 0.8031232907610111, 0.8030174364188694, 0.8030631193319782, 0.8028094192773091, 0.8031991349785236, 0.8031991349785236, 0.8031991349785236, 0.8032615745641593], [0.8018230863316397, 0.8020739224160663, 0.8031281871448058, 0.8025696501133233, 0.8027761101237753, 0.8027024151302942, 0.8028904407518255, 0.8025696501133233, 0.8031991349785236, 0.8031991349785236, 0.8031991349785236, 0.8032615745641593], [0.8021256845621526, 0.8016597560117544, 0.8029535515074013, 0.8029886084033265, 0.8028094192773091, 0.8028904407518255, 0.8030174364188694, 0.8030174364188694, 0.8025696501133233, 0.8031991349785236, 0.8031991349785236, 0.8032615745641593]]}