{"32-144-32-32": {"knas": 1.6656446187590657e-13}, "144-8-16-240": {"knas": 4.8479500443362675e-14}, "176-96-144-384": {"knas": 1.2562848778299197e-14}, "176-144-176-48": {"knas": 2.3615038012092873e-14}, "16-112-96-48": {"knas": 1.7377733366880088e-13}, "384-32-144-96": {"knas": 1.3315149560732577e-14}, "176-48-8-8": {"knas": 1.6006535764260914e-14}, "96-144-112-32": {"knas": 1.9080342096881517e-14}, "176-112-384-112": {"knas": 2.0564979095181492e-14}, "96-240-176-144": {"knas": 4.283162705260614e-14}, "8-176-96-96": {"knas": 7.020131139812494e-15}, "384-384-144-48": {"knas": 8.774858145871658e-15}, "112-176-96-8": {"knas": 1.4029443974822656e-14}, "112-96-176-112": {"knas": 2.4199602554047378e-14}, "384-176-112-112": {"knas": 6.5153782773130255e-15}, "240-48-144-16": {"knas": 9.808090110756135e-15}, "16-240-48-240": {"knas": 6.088258017308487e-14}, "144-176-112-240": {"knas": 2.228006665337505e-14}, "176-144-176-240": {"knas": 1.072790775213505e-14}, "384-240-144-240": {"knas": 1.4927183702431387e-14}, "8-48-112-16": {"knas": 3.916842554913284e-15}, "176-96-112-32": {"knas": 9.850252022738665e-15}, "48-112-48-16": {"knas": 9.747076633499514e-15}, "32-240-8-384": {"knas": 8.482530135115254e-14}, "384-48-144-384": {"knas": 6.657655672012751e-15}, "48-96-144-144": {"knas": 4.6072870623075236e-15}, "48-112-240-48": {"knas": 2.3589382400560077e-13}, "16-96-240-240": {"knas": 4.187853711002613e-15}, "8-176-112-48": {"knas": 5.4332586200316405e-14}, "384-8-96-48": {"knas": 2.621319129911693e-14}, "144-48-8-144": {"knas": 8.389645857372063e-14}, "384-16-16-32": {"knas": 3.7905090307863154e-13}, "16-240-384-32": {"knas": 9.320838643012835e-15}, "48-144-48-240": {"knas": 2.6590323909739255e-13}, "240-144-96-112": {"knas": 1.7367963350053278e-14}, "32-32-176-96": {"knas": 1.3495758330317464e-13}, "112-96-144-144": {"knas": 5.1390342719129234e-14}, "240-16-96-8": {"knas": 9.29455351659364e-15}, "16-384-48-240": {"knas": 8.778444144557154e-14}, "48-96-16-96": {"knas": 1.5150821406923615e-13}, "96-240-16-144": {"knas": 6.492733190281361e-14}, "96-176-96-16": {"knas": 1.843647000202616e-14}, "96-384-96-176": {"knas": 3.805045132600736e-14}, "48-176-48-240": {"knas": 4.014625478300331e-14}, "240-112-8-16": {"knas": 5.492806730289512e-14}, "8-112-240-48": {"knas": 2.6267819842017148e-14}, "48-32-96-240": {"knas": 8.643731516406062e-15}, "384-48-8-48": {"knas": 3.7346878654963625e-14}, "48-176-384-32": {"knas": 8.85129355199894e-15}, "32-16-112-48": {"knas": 4.618860496982333e-14}, "176-16-48-240": {"knas": 1.507675006975212e-13}, "48-8-176-176": {"knas": 2.092883903833352e-14}, "240-144-96-16": {"knas": 1.7052114928417517e-14}, "384-112-96-112": {"knas": 1.3723065381537197e-14}, "48-176-48-144": {"knas": 8.160115514072377e-15}, "8-16-96-96": {"knas": 1.4374547559203865e-13}, "16-144-240-240": {"knas": 4.073962084431273e-15}, "32-240-48-144": {"knas": 1.57954622688819e-13}, "96-112-176-384": {"knas": 3.135612971529034e-14}, "8-240-32-240": {"knas": 8.346705352704417e-14}, "16-112-16-32": {"knas": 1.681463230099583e-14}, "48-48-48-112": {"knas": 2.9887474873452335e-13}, "176-16-48-112": {"knas": 5.2995534528680124e-14}, "112-48-48-96": {"knas": 6.607491924480804e-14}, "96-144-144-240": {"knas": 5.2342868537766374e-14}, "48-96-384-176": {"knas": 3.661446874723062e-15}, "144-240-16-112": {"knas": 1.628561617972226e-14}, "16-112-16-240": {"knas": 2.845610032331525e-13}, "384-384-176-48": {"knas": 1.0342904172553659e-14}, "16-176-48-48": {"knas": 2.823565491659463e-13}, "384-240-8-176": {"knas": 1.6368764321956532e-14}, "96-16-16-112": {"knas": 1.7849197326332694e-13}, "48-112-16-384": {"knas": 3.373184368003594e-14}, "16-384-240-48": {"knas": 2.657737142072302e-14}, "144-96-240-384": {"knas": 3.200737946711628e-14}, "16-48-144-48": {"knas": 1.3613953985403687e-13}, "16-112-240-48": {"knas": 6.700083552340719e-15}, "16-384-8-240": {"knas": 8.725430046454402e-14}, "384-48-176-144": {"knas": 1.991157957373542e-14}, "176-176-112-240": {"knas": 1.6503457807163016e-14}, "96-16-176-96": {"knas": 6.37627361392383e-14}, "240-48-240-32": {"knas": 7.831579894139462e-14}, "8-16-8-16": {"knas": 3.239827966655998e-15}, "8-96-112-32": {"knas": 3.1446370572611737e-13}, "48-16-96-112": {"knas": 6.599126627093721e-14}, "16-96-176-384": {"knas": 4.24790453531468e-15}, "8-144-112-16": {"knas": 1.708776315703566e-14}, "16-384-240-144": {"knas": 1.7927727614345124e-15}, "144-384-96-384": {"knas": 2.848976344551821e-14}, "8-384-8-240": {"knas": 1.1506851955924314e-14}, "176-8-112-96": {"knas": 1.7660693870866218e-13}, "112-384-176-144": {"knas": 2.307622849588315e-14}, "32-32-176-384": {"knas": 4.664965245690378e-13}, "16-384-144-176": {"knas": 4.6616077087314155e-15}, "32-32-176-144": {"knas": 8.958765092346565e-15}, "48-384-144-16": {"knas": 1.8771275021021473e-15}, "48-32-48-16": {"knas": 7.384971947117444e-15}, "96-8-240-144": {"knas": 1.1732182879278102e-13}, "32-144-240-96": {"knas": 2.582139917397977e-15}, "240-240-48-112": {"knas": 1.5896533289466892e-14}, "16-32-240-8": {"knas": 3.352952139025478e-14}}