{"64-192-48-64": {"knas": 1.2872707829964924e-14}, "192-16-32-240": {"knas": 1.701246023395886e-13}, "224-112-192-512": {"knas": 5.981011448911652e-15}, "224-192-224-80": {"knas": 4.7584875255901e-15}, "24-160-128-80": {"knas": 3.832015169861081e-15}, "512-64-176-112": {"knas": 1.3508298483694975e-14}, "208-96-8-16": {"knas": 8.416276912046917e-15}, "112-192-160-48": {"knas": 5.913609225650365e-15}, "224-144-512-160": {"knas": 7.961145780696448e-15}, "112-240-224-176": {"knas": 4.905241489416064e-15}, "8-224-128-112": {"knas": 5.1801895699409364e-14}, "512-512-176-96": {"knas": 1.8288591178446242e-15}, "160-208-112-16": {"knas": 6.770284372459735e-15}, "144-128-208-160": {"knas": 8.65394334561816e-15}, "512-208-144-160": {"knas": 3.1835784144529714e-15}, "240-96-176-32": {"knas": 3.816547077694797e-15}, "32-256-96-240": {"knas": 4.635005791989947e-15}, "176-224-160-256": {"knas": 6.7286870079365495e-15}, "224-192-208-240": {"knas": 5.044283641773752e-15}, "384-256-192-240": {"knas": 3.4593657775736303e-15}, "8-96-160-24": {"knas": 2.1553578352976298e-14}, "208-112-144-64": {"knas": 3.538218615732375e-15}, "96-160-80-24": {"knas": 7.652973171628705e-15}, "64-240-8-512": {"knas": 1.5620756302499837e-14}, "512-96-192-384": {"knas": 3.5990006412361594e-15}, "80-112-176-192": {"knas": 4.7921113454643064e-15}, "96-160-256-96": {"knas": 1.4497926039487748e-14}, "32-112-240-256": {"knas": 1.2584432871861131e-14}, "16-224-144-80": {"knas": 5.378501666936618e-15}, "384-16-128-80": {"knas": 8.074854871667654e-15}, "192-96-16-176": {"knas": 4.1435178889609545e-15}, "512-32-32-48": {"knas": 8.711964255472132e-15}, "24-256-512-48": {"knas": 1.402708922322929e-13}, "96-176-80-256": {"knas": 9.424517169822656e-15}, "256-192-112-160": {"knas": 3.853318048484527e-15}, "48-48-208-128": {"knas": 7.150100552865551e-14}, "160-128-176-176": {"knas": 9.069761983820663e-15}, "240-32-112-16": {"knas": 9.937414889384685e-16}, "32-384-80-256": {"knas": 1.6674453430422925e-14}, "96-112-24-112": {"knas": 8.332715417734386e-15}, "112-256-24-176": {"knas": 2.175531449595796e-14}, "128-224-128-32": {"knas": 8.821689750492401e-15}, "112-384-128-208": {"knas": 9.210989481182267e-15}, "96-208-80-240": {"knas": 3.3739273853049256e-14}, "256-144-16-24": {"knas": 6.21438511950621e-15}, "8-160-256-80": {"knas": 9.431110135470905e-14}, "80-48-112-256": {"knas": 1.1038893357620625e-14}, "384-96-8-96": {"knas": 3.927870500370061e-15}, "80-208-384-64": {"knas": 1.0516640794430883e-14}, "48-24-144-80": {"knas": 5.295342682680622e-14}, "208-32-80-240": {"knas": 4.431199331078606e-14}, "80-8-208-208": {"knas": 2.6178776350469987e-14}, "256-176-112-24": {"knas": 3.901378697911736e-15}, "384-144-128-160": {"knas": 4.680077685662769e-15}, "80-208-80-176": {"knas": 1.854605065441245e-14}, "8-32-112-112": {"knas": 1.818143481905829e-13}, "24-176-256-240": {"knas": 3.908343849837008e-14}, "8-160-240-80": {"knas": 9.606548954758931e-14}, "64-240-80-192": {"knas": 7.248220171849132e-15}, "128-160-208-384": {"knas": 6.9477979142487656e-15}, "8-240-48-256": {"knas": 5.375204946943268e-13}, "24-144-24-64": {"knas": 1.8955931930467879e-13}, "80-80-96-160": {"knas": 1.0047752153951109e-14}, "208-24-80-144": {"knas": 1.2739324704727842e-14}, "144-96-96-112": {"knas": 1.4188414271330396e-14}, "112-176-192-256": {"knas": 1.1323358361527668e-14}, "80-112-512-224": {"knas": 1.3242056546615161e-14}, "192-256-32-144": {"knas": 7.664821468494898e-15}, "32-160-32-240": {"knas": 3.348675774606652e-13}, "512-512-224-80": {"knas": 2.3383238128714314e-15}, "32-224-80-96": {"knas": 4.350669198277708e-14}, "384-240-8-208": {"knas": 3.365285828122095e-15}, "112-24-24-160": {"knas": 9.688645420885891e-14}, "80-160-24-384": {"knas": 7.433478135874909e-15}, "24-512-256-96": {"knas": 1.2949180505541884e-14}, "176-128-240-512": {"knas": 6.474894337599006e-15}, "24-80-176-80": {"knas": 1.3651045558163953e-14}, "32-144-256-96": {"knas": 1.04920175466542e-14}, "32-384-16-256": {"knas": 1.690923741087466e-13}, "512-80-224-176": {"knas": 8.775571347613247e-15}, "208-208-160-256": {"knas": 5.7302418391628595e-15}, "128-24-208-112": {"knas": 1.5413133280534758e-14}, "240-96-256-64": {"knas": 4.460281953212698e-15}, "16-24-16-24": {"knas": 2.0518061940233076e-14}, "8-112-160-64": {"knas": 3.011598200095174e-14}, "80-32-128-160": {"knas": 9.881596476951811e-15}, "24-112-208-512": {"knas": 2.9804616077672846e-14}, "16-176-144-24": {"knas": 4.039676985935145e-14}, "24-512-256-192": {"knas": 1.3251877893638575e-14}, "176-512-128-512": {"knas": 5.278151132576559e-15}, "16-512-8-240": {"knas": 2.879790590021303e-13}, "224-16-160-112": {"knas": 7.445983730308171e-15}, "144-512-208-192": {"knas": 6.347413761454866e-15}, "64-48-208-512": {"knas": 1.977561045691037e-14}, "32-384-176-224": {"knas": 4.8594717252979994e-14}, "48-48-224-192": {"knas": 6.090679718386005e-13}, "80-384-176-32": {"knas": 1.0626534849007656e-14}, "96-64-96-24": {"knas": 7.332831139983311e-15}, "112-16-240-176": {"knas": 1.077400921435526e-14}, "64-192-240-128": {"knas": 9.869743097887934e-15}, "240-256-96-160": {"knas": 3.29848224539628e-15}}