{"4 min": [[93.46000000000001, 93.475, 93.55, 93.32499999999999, 93.63, 93.475, 93.63, 93.63, 93.69], [93.89333333333333, 93.46000000000001, 93.69, 93.475, 93.475, 93.63, 93.63, 93.63, 93.63], [93.63, 93.65000000000002, 93.475, 93.66666666666667, 93.475, 93.32499999999999, 93.63, 93.63, 93.89333333333333]], "8 min": [[93.475, 93.32499999999999, 93.69, 93.69, 93.32499999999999, 93.69, 93.32499999999999, 93.69, 93.69], [93.69, 93.475, 93.32499999999999, 93.69, 93.655, 93.69, 93.32499999999999, 93.69, 93.69], [93.69, 93.475, 93.655, 93.69, 93.475, 93.69, 93.69, 93.655, 93.69]], "16 min": [[93.315, 93.32499999999999, 93.32499999999999, 93.32499999999999, 93.32499999999999, 93.655, 93.32499999999999, 93.75, 93.32499999999999], [93.32499999999999, 93.32499999999999, 93.655, 93.32499999999999, 93.32499999999999, 93.32499999999999, 93.32499999999999, 93.61000000000001, 93.32499999999999], [93.315, 93.32499999999999, 93.32499999999999, 93.49333333333334, 93.32499999999999, 93.69, 93.32499999999999, 93.655, 93.32499999999999]], "32 min": [[94.21999999999998, 94.21999999999998, 94.21999999999998, 94.21999999999998, 94.21999999999998, 94.21999999999998, 93.365, 94.21999999999998, 94.21999999999998], [94.21999999999998, 94.21999999999998, 94.21999999999998, 94.21999999999998, 94.21999999999998, 94.21999999999998, 93.49333333333334, 94.21999999999998, 94.21999999999998], [94.21999999999998, 94.21999999999998, 94.21999999999998, 94.21999999999998, 94.21999999999998, 94.21999999999998, 94.21999999999998, 94.21999999999998, 93.49333333333334]]}