{"4 min": [[0.9797126270384132, 0.9793520675868116, 0.9805708406163292, 0.9798796511386478, 0.9799506082220262, 0.980290016480905, 0.9798068976027015, 0.9800706765602731, 0.980252503104079], [0.9781927649768883, 0.9790365394681404, 0.9796009601099849, 0.9802795532233145, 0.9807176793400306, 0.9797464543778438, 0.9804939561371028, 0.9798068976027015, 0.9799506082220262], [0.9790038487797016, 0.978258541425054, 0.9789009366544653, 0.9798083002576501, 0.9807176793400306, 0.9807176793400306, 0.9797914654839378, 0.9801149943887698, 0.9798068976027015], [0.9797177252870585, 0.9793460376913686, 0.9794689359258699, 0.9800706765602731, 0.9801077647628365, 0.9801077647628365, 0.9798068976027015, 0.9801149943887698, 0.9800706765602731], [0.9780943866557635, 0.9803716448883386, 0.9801264299912075, 0.9799698387360918, 0.980290016480905, 0.980119026347126, 0.9792208398829185, 0.980290016480905, 0.9804939561371028], [0.97933939872145, 0.9793735108020097, 0.9792361178894797, 0.9792201774669774, 0.9810588197268583, 0.9793735108020097, 0.9801077647628365, 0.9798068976027015, 0.9804939561371028], [0.9788809267524399, 0.9798805314951579, 0.9800001308209371, 0.9799425807380895, 0.980252503104079, 0.9800161608491551, 0.9801149943887698, 0.9804939561371028, 0.9798068976027015], [0.9790887395988559, 0.9795708797701304, 0.9789009366544653, 0.9804458706841533, 0.9791378603283429, 0.9797464543778438, 0.9804939561371028, 0.980252503104079, 0.9798068976027015]], "8 min": [[0.9799919648387234, 0.9791275163815986, 0.9801487770707468, 0.9792208398829185, 0.979960132615956, 0.9800706765602731, 0.9807176793400306, 0.9807176793400306, 0.9801149943887698], [0.9801316454666754, 0.9797335099467924, 0.9795121903733497, 0.9802795532233145, 0.9807176793400306, 0.980252503104079, 0.9807176793400306, 0.9807176793400306, 0.9800706765602731], [0.9797173587442247, 0.9799593812502156, 0.9800407125855838, 0.980678685913716, 0.9795616719717474, 0.9799705726113885, 0.9800706765602731, 0.9800706765602731, 0.9801149943887698], [0.9801624410988858, 0.9793318169239494, 0.980946443735115, 0.9795616719717474, 0.980119026347126, 0.9807176793400306, 0.9807176793400306, 0.9807176793400306, 0.9801149943887698], [0.9794562255408097, 0.9786780771441211, 0.9799863609273667, 0.9800021288591388, 0.979960132615956, 0.980946443735115, 0.980946443735115, 0.9807176793400306, 0.9804939561371028], [0.9796136510873589, 0.9797940521944659, 0.9795329409982617, 0.9803966502753991, 0.9788759148793368, 0.9801077647628365, 0.9807176793400306, 0.9792208398829185, 0.980252503104079], [0.978747892405299, 0.9787515539396571, 0.9804458706841533, 0.9797567018399307, 0.9802795532233145, 0.980252503104079, 0.9800706765602731, 0.9807176793400306, 0.9801149943887698], [0.980154390282592, 0.9791295717537057, 0.9796403610288612, 0.9793735108020097, 0.9793318169239494, 0.9792208398829185, 0.9792208398829185, 0.9800706765602731, 0.9801149943887698]], "16 min": [[0.9805840850744516, 0.9807254843612616, 0.9808630035243056, 0.9802821453858741, 0.9803966502753991, 0.9807176793400306, 0.9802821453858741, 0.9800706765602731, 0.9807176793400306], [0.9799742605275719, 0.9805493681582484, 0.9799419120082492, 0.980678685913716, 0.9802795532233145, 0.9807176793400306, 0.9807176793400306, 0.9807176793400306, 0.9801149943887698], [0.9804900230227133, 0.9797109711907187, 0.9807176793400306, 0.980399053072011, 0.980946443735115, 0.9807176793400306, 0.9807176793400306, 0.9800706765602731, 0.9800706765602731], [0.9800021288591388, 0.9795500447954807, 0.9806899577308661, 0.9810588197268583, 0.980119026347126, 0.980252503104079, 0.980946443735115, 0.9807176793400306, 0.9807176793400306], [0.9802365044890002, 0.979623656420063, 0.9804458706841533, 0.979960132615956, 0.9804458706841533, 0.9804939561371028, 0.9807176793400306, 0.9807176793400306, 0.9807176793400306], [0.9802847424360355, 0.9795664999781268, 0.979984165184201, 0.9800706765602731, 0.980946443735115, 0.9807176793400306, 0.9803282233627658, 0.9807176793400306, 0.9807176793400306], [0.9807983086783547, 0.9810588197268583, 0.9807366922274707, 0.9804778544975767, 0.9803966502753991, 0.980946443735115, 0.9801077647628365, 0.9807176793400306, 0.9807176793400306], [0.9804244229158633, 0.9808199976124771, 0.980304279784858, 0.98049938436328, 0.9807176793400306, 0.980946443735115, 0.9807176793400306, 0.9801149943887698, 0.9800706765602731]], "32 min": [[0.9803905119088023, 0.9810588197268583, 0.9811643189231931, 0.980678685913716, 0.9807176793400306, 0.9807176793400306, 0.980946443735115, 0.980946443735115, 0.9807176793400306], [0.9803221965968927, 0.9804916005479791, 0.9804916005479791, 0.9811643189231931, 0.980946443735115, 0.9810588197268583, 0.9807176793400306, 0.9803282233627658, 0.9807176793400306], [0.9801524537847816, 0.980399053072011, 0.9810614640402623, 0.9801149943887698, 0.980678685913716, 0.980946443735115, 0.980946443735115, 0.980946443735115, 0.9807176793400306], [0.9805341754086768, 0.980678685913716, 0.9802795532233145, 0.9803716448883386, 0.980946443735115, 0.9810588197268583, 0.980946443735115, 0.980946443735115, 0.980946443735115], [0.9802794047472784, 0.9803603967499624, 0.980946443735115, 0.9810588197268583, 0.980946443735115, 0.9810588197268583, 0.980946443735115, 0.980946443735115, 0.9807176793400306], [0.9803966502753991, 0.980119026347126, 0.9810588197268583, 0.9810588197268583, 0.9807176793400306, 0.980946443735115, 0.980946443735115, 0.980946443735115, 0.980946443735115], [0.9806879629663033, 0.9803966502753991, 0.9803355412796809, 0.980678685913716, 0.980119026347126, 0.9808199976124771, 0.9810588197268583, 0.980946443735115, 0.980946443735115], [0.9801624410988858, 0.98031987698268, 0.9811643189231931, 0.9810588197268583, 0.9810588197268583, 0.9807176793400306, 0.980946443735115, 0.980946443735115, 0.9807176793400306]]}