{"4 min": [[41.988888854980466, 41.11111109754774, 45.475000015258786, 42.366666651407876, 42.366666651407876, 41.11111109754774, 45.09999997965495, 45.09999997965495, 45.40833334350586], [45.09999998304579, 45.616666641235355, 45.09999997965495, 41.844444441053604, 45.09999997965495, 42.366666651407876, 42.366666651407876, 42.366666651407876, 45.09999997965495], [41.988888854980466, 45.40833334350586, 45.09999997965495, 43.63333331637912, 45.40833334350586, 42.366666651407876, 45.09999997965495, 44.08888887193468, 45.616666641235355]], "8 min": [[45.616666641235355, 45.475000015258786, 45.09999998304579, 45.13333332824707, 45.45833334859212, 45.616666641235355, 45.92499997965494, 45.87499998982747, 45.40833334350586], [42.366666651407876, 45.13333332824707, 45.13333332824707, 45.13333332824707, 45.616666641235355, 45.40833334350586, 45.13333332824707, 45.87499998982747, 45.09999998304579], [45.13333332824707, 45.45833334859212, 45.13333332824707, 45.40833334350586, 45.13333332824707, 45.13333332824707, 45.616666641235355, 45.13333332824707, 45.13333332824707]], "16 min": [[45.616666641235355, 45.616666641235355, 45.13333332824707, 45.13333332824707, 45.87499998982747, 45.616666641235355, 45.616666641235355, 45.616666641235355, 45.45833334859212], [45.616666641235355, 45.616666641235355, 45.616666641235355, 45.616666641235355, 45.616666641235355, 45.616666641235355, 45.616666641235355, 45.616666641235355, 45.13333332824707], [45.616666641235355, 45.616666641235355, 45.616666641235355, 45.616666641235355, 45.616666641235355, 45.13333332824707, 45.87499998982747, 45.616666641235355, 45.616666641235355]], "32 min": [[45.54999997965495, 45.54999997965495, 45.54999997965495, 45.54999997965495, 45.54999997965495, 45.54999997965495, 45.54999997965495, 45.54999997965495, 45.54999997965495], [45.54999997965495, 45.54999997965495, 45.54999997965495, 45.54999997965495, 45.54999997965495, 45.54999997965495, 45.54999997965495, 45.54999997965495, 45.54999997965495], [45.54999997965495, 45.54999997965495, 45.39999999321831, 45.54999997965495, 45.54999997965495, 45.54999997965495, 45.39999999321831, 45.54999997965495, 45.54999997965495]]}