{"sys_time_budget": [0.16666666666666666, 0.5774731777810006, 2.000851626338923, 6.932628881581333, 24.020443383738698, 83.22697063509717, 288.36805925841384, 999.1489173029768, 3461.890202108377, 11994.89241684261, 41560.371846571965, 143999.99999999997], "sys_acc": [[39.450000006781686, 41.35833330281575, 45.10000001017252, 41.11111109754774, 41.88333331807455, 45.09999997965495, 45.09999997965495, 45.09999997965495, 45.09999997965495, 45.54999997965495, 46.274999974568686, 46.48333334350586], [37.183333335028756, 44.35833330281575, 45.475000015258786, 42.18333333333334, 41.11111109754774, 45.40833334350586, 45.09999997965495, 45.09999997965495, 45.09999997965495, 45.54999997965495, 46.09999999491374, 46.48333334350586], [42.27222223578559, 41.199999974568684, 40.63333332824707, 45.45833334859212, 45.40833334350586, 45.09999997965495, 45.09999997965495, 45.09999997965495, 45.09999997965495, 45.54999997965495, 46.35555552842882, 46.48333334350586], [36.283333321465385, 40.37222219848633, 41.19166665140788, 36.3166666615804, 45.13333332824707, 45.09999997965495, 45.09999997965495, 45.09999997965495, 45.09999997965495, 45.54999997965495, 46.09999999491374, 46.48333334350586], [17.541666664123532, 38.16111110432943, 44.37222222222223, 41.87499996439616, 45.09999997965495, 45.09999997965495, 45.09999997965495, 45.09999997965495, 45.09999997965495, 45.54999997965495, 45.54999997965495, 46.48333334350586], [39.450000006781686, 41.35833330281575, 45.10000001017252, 41.11111109754774, 41.88333331807455, 45.09999997965495, 45.09999997965495, 45.09999997965495, 45.09999997965495, 46.40000000678168, 46.8444444647895, 46.8444444647895], [23.850000005086265, 41.49166665140788, 45.788888878716364, 44.099999979654946, 45.475000015258786, 45.09999997965495, 45.09999997965495, 45.09999997965495, 45.09999997965495, 46.40000000678168, 46.8444444647895, 46.8444444647895], [42.92777776760526, 39.95833334604899, 42.73333331637912, 45.09999997965495, 45.87499998982747, 45.09999997965495, 45.09999997965495, 45.40833334350586, 45.09999997965495, 46.40000000678168, 46.8444444647895, 46.8444444647895], [41.73333334096273, 44.9916666615804, 43.63333331637912, 43.63333331637912, 45.09999998304579, 45.09999997965495, 45.09999997965495, 45.40833334350586, 45.09999997965495, 46.40000000678168, 46.8444444647895, 46.8444444647895], [32.477777759128145, 40.53333333333333, 39.67499999491373, 41.988888854980466, 41.988888854980466, 45.09999997965495, 45.09999997965495, 41.988888854980466, 45.09999997965495, 46.40000000678168, 46.8444444647895, 46.8444444647895], [37.49444443427192, 45.616666639539936, 38.724999989827474, 40.49166664632162, 42.366666651407876, 45.40833334350586, 45.09999997965495, 45.09999997965495, 45.09999997965495, 46.40000000678168, 46.8444444647895, 46.8444444647895], [39.93333331298828, 43.41111112128363, 40.191666661580406, 43.63333331637912, 45.475000015258786, 45.40833334350586, 45.09999997965495, 45.09999997965495, 45.09999997965495, 46.40000000678168, 46.8444444647895, 46.8444444647895], [43.03333331807455, 39.09999997456869, 40.57222220865886, 45.475000015258786, 41.988888854980466, 41.11111109754774, 45.09999997965495, 45.09999997965495, 45.09999997965495, 46.40000000678168, 46.8444444647895, 46.8444444647895], [36.1666666615804, 42.60000002034505, 41.21111111111111, 46.48333334350586, 42.366666651407876, 45.09999997965495, 45.09999997965495, 41.11111109754774, 45.09999997965495, 46.40000000678168, 46.8444444647895, 46.8444444647895], [40.93333332994249, 43.733333297729494, 45.8722222120497, 42.625000005086264, 42.366666651407876, 45.09999997965495, 45.09999997965495, 45.09999997965495, 45.09999997965495, 46.40000000678168, 46.8444444647895, 46.8444444647895]]}